Workbook

Sheet Spreads
A1: Input 1st Leg | D1: Pairing Legs | F1: Trading View Codes | H1: Robot Codes | J1: 2nd Legs Parameters | L1: Tuning | Q1: Input 2nd Leg | V1: Additional 2nd Leg | AC1: Exchange
A2: Instrument 1 | B2: Product Code 1 | C2: Exp 1 | D2: Underl MOEX | E2: Underl CME | F2: Spread for TView | G2: Final Date of Spread | H2: Robot 1 leg | I2: Robot 2 leg | J2: Инструмент 2 | K2: Exp Date 2 | L2: Date corr | M2: Date Diff | N2: UL corr | Q2: Product Code | R2: First Trade | S2: Last Trade | T2: Settlement | U2: FND | V2: Final Date | W2: Underl CME | X2: Exch | Z2: constructor own | AC2: Underl2 | AD2: Exch
A3: BR-4.26 | B3: BRJ6 | C3: 46113 | D3: =MID(A3,1,SEARCH("-",A3,1)-1) -> BR | E3: BZ | F3: ="RUS:"&MID(B3,1,LEN(B3)-1)&"20"&RIGHT(A3,2)&"-"&INDEX(X:X, MATCH(J3,Q:Q,0))&":"&IF(N3="", MID(J3,1,LEN(J3)-2), N3&MID(J3,LEN(J3)-2,1))&"20"&RIGHT(J3,2) -> RUS:BRJ2026-NYMEX:BZK2026 | G3: =MIN(C3,K3) -> 46112 | H3: =A3 -> BR-4.26 | I3: ="QR_"&IF(N3="", MID(J3,1,LEN(J3)-2)&RIGHT(J3),N3&MID(J3,LEN(J3)-2,1)&RIGHT(J3)) -> QR_BZK6 | J3: {=INDEX(Q:Q,MATCH(1, (W:W=E3)*(V:V>=C3-L3)*(V:V<=C3+L3), 0))} -> BZK26 | K3: =INDEX(V:V, MATCH(J3,Q:Q,0)) -> 46112 | L3: 10 | M3: =K3-C3 -> -1 | Q3: NGJ26 | R3: 41605 | S3: 46108 | T3: 46108 | U3: --- | V3: =MIN(S3:U3) -> 46108 | W3: =MID(Q3,1,LEN(Q3)-3) -> NG | X3: =IFERROR(INDEX(AD:AD, MATCH(W3,AC:AC,0)),"---") -> NYMEX | AC3: BZ | AD3: NYMEX
A4: BR-5.26 | B4: BRK6 | C4: 46146 | D4: =MID(A4,1,SEARCH("-",A4,1)-1) -> BR | E4: BZ | F4: ="RUS:"&MID(B4,1,LEN(B4)-1)&"20"&RIGHT(A4,2)&"-"&INDEX(X:X, MATCH(J4,Q:Q,0))&":"&IF(N4="", MID(J4,1,LEN(J4)-2), N4&MID(J4,LEN(J4)-2,1))&"20"&RIGHT(J4,2) -> RUS:BRK2026-NYMEX:BZM2026 | G4: =MIN(C4,K4) -> 46142 | H4: =A4 -> BR-5.26 | I4: ="QR_"&IF(N4="", MID(J4,1,LEN(J4)-2)&RIGHT(J4),N4&MID(J4,LEN(J4)-2,1)&RIGHT(J4)) -> QR_BZM6 | J4: {=INDEX(Q:Q,MATCH(1, (W:W=E4)*(V:V>=C4-L4)*(V:V<=C4+L4), 0))} -> BZM26 | K4: =INDEX(V:V, MATCH(J4,Q:Q,0)) -> 46142 | L4: 10 | M4: =K4-C4 -> -4 | Q4: NGK26 | R4: 41605 | S4: 46140 | T4: 46140 | U4: --- | V4: =MIN(S4:U4) -> 46140 | W4: =MID(Q4,1,LEN(Q4)-3) -> NG | X4: =IFERROR(INDEX(AD:AD, MATCH(W4,AC:AC,0)),"---") -> NYMEX | Z4: consrt robot | AC4: MBT | AD4: CME
A5: BR-6.26 | B5: BRM6 | C5: 46174 | D5: =MID(A5,1,SEARCH("-",A5,1)-1) -> BR | E5: BZ | F5: ="RUS:"&MID(B5,1,LEN(B5)-1)&"20"&RIGHT(A5,2)&"-"&INDEX(X:X, MATCH(J5,Q:Q,0))&":"&IF(N5="", MID(J5,1,LEN(J5)-2), N5&MID(J5,LEN(J5)-2,1))&"20"&RIGHT(J5,2) -> RUS:BRM2026-NYMEX:BZN2026 | G5: =MIN(C5,K5) -> 46171 | H5: =A5 -> BR-6.26 | I5: ="QR_"&IF(N5="", MID(J5,1,LEN(J5)-2)&RIGHT(J5),N5&MID(J5,LEN(J5)-2,1)&RIGHT(J5)) -> QR_BZN6 | J5: {=INDEX(Q:Q,MATCH(1, (W:W=E5)*(V:V>=C5-L5)*(V:V<=C5+L5), 0))} -> BZN26 | K5: =INDEX(V:V, MATCH(J5,Q:Q,0)) -> 46171 | L5: 10 | M5: =K5-C5 -> -3 | Q5: NGM26 | R5: 41605 | S5: 46169 | T5: 46169 | U5: --- | V5: =MIN(S5:U5) -> 46169 | W5: =MID(Q5,1,LEN(Q5)-3) -> NG | X5: =IFERROR(INDEX(AD:AD, MATCH(W5,AC:AC,0)),"---") -> NYMEX | Z5: constr tview | AC5: EC | AD5: CME
A6: BR-7.26 | B6: BRN6 | C6: 46204 | D6: =MID(A6,1,SEARCH("-",A6,1)-1) -> BR | E6: BZ | F6: ="RUS:"&MID(B6,1,LEN(B6)-1)&"20"&RIGHT(A6,2)&"-"&INDEX(X:X, MATCH(J6,Q:Q,0))&":"&IF(N6="", MID(J6,1,LEN(J6)-2), N6&MID(J6,LEN(J6)-2,1))&"20"&RIGHT(J6,2) -> RUS:BRN2026-NYMEX:BZQ2026 | G6: =MIN(C6,K6) -> 46203 | H6: =A6 -> BR-7.26 | I6: ="QR_"&IF(N6="", MID(J6,1,LEN(J6)-2)&RIGHT(J6),N6&MID(J6,LEN(J6)-2,1)&RIGHT(J6)) -> QR_BZQ6 | J6: {=INDEX(Q:Q,MATCH(1, (W:W=E6)*(V:V>=C6-L6)*(V:V<=C6+L6), 0))} -> BZQ26 | K6: =INDEX(V:V, MATCH(J6,Q:Q,0)) -> 46203 | L6: 10 | M6: =K6-C6 -> -1 | Q6: NGN26 | R6: 41605 | S6: 46199 | T6: 46199 | U6: --- | V6: =MIN(S6:U6) -> 46199 | W6: =MID(Q6,1,LEN(Q6)-3) -> NG | X6: =IFERROR(INDEX(AD:AD, MATCH(W6,AC:AC,0)),"---") -> NYMEX | Z6: подписи графиков | AC6: GC | AD6: COMEX
A7: BR-8.26 | B7: BRQ6 | C7: 46237 | D7: =MID(A7,1,SEARCH("-",A7,1)-1) -> BR | E7: BZ | F7: ="RUS:"&MID(B7,1,LEN(B7)-1)&"20"&RIGHT(A7,2)&"-"&INDEX(X:X, MATCH(J7,Q:Q,0))&":"&IF(N7="", MID(J7,1,LEN(J7)-2), N7&MID(J7,LEN(J7)-2,1))&"20"&RIGHT(J7,2) -> RUS:BRQ2026-NYMEX:BZU2026 | G7: =MIN(C7,K7) -> 46234 | H7: =A7 -> BR-8.26 | I7: ="QR_"&IF(N7="", MID(J7,1,LEN(J7)-2)&RIGHT(J7),N7&MID(J7,LEN(J7)-2,1)&RIGHT(J7)) -> QR_BZU6 | J7: {=INDEX(Q:Q,MATCH(1, (W:W=E7)*(V:V>=C7-L7)*(V:V<=C7+L7), 0))} -> BZU26 | K7: =INDEX(V:V, MATCH(J7,Q:Q,0)) -> 46234 | L7: 10 | M7: =K7-C7 -> -3 | Q7: NGQ26 | R7: 41605 | S7: 46232 | T7: 46232 | U7: --- | V7: =MIN(S7:U7) -> 46232 | W7: =MID(Q7,1,LEN(Q7)-3) -> NG | X7: =IFERROR(INDEX(AD:AD, MATCH(W7,AC:AC,0)),"---") -> NYMEX | AC7: NG | AD7: NYMEX
A8: BR-9.26 | B8: BRU6 | C8: 46265 | D8: =MID(A8,1,SEARCH("-",A8,1)-1) -> BR | E8: BZ | F8: ="RUS:"&MID(B8,1,LEN(B8)-1)&"20"&RIGHT(A8,2)&"-"&INDEX(X:X, MATCH(J8,Q:Q,0))&":"&IF(N8="", MID(J8,1,LEN(J8)-2), N8&MID(J8,LEN(J8)-2,1))&"20"&RIGHT(J8,2) -> RUS:BRU2026-NYMEX:BZV2026 | G8: =MIN(C8,K8) -> 46262 | H8: =A8 -> BR-9.26 | I8: ="QR_"&IF(N8="", MID(J8,1,LEN(J8)-2)&RIGHT(J8),N8&MID(J8,LEN(J8)-2,1)&RIGHT(J8)) -> QR_BZV6 | J8: {=INDEX(Q:Q,MATCH(1, (W:W=E8)*(V:V>=C8-L8)*(V:V<=C8+L8), 0))} -> BZV26 | K8: =INDEX(V:V, MATCH(J8,Q:Q,0)) -> 46262 | L8: 10 | M8: =K8-C8 -> -3 | Q8: NGU26 | R8: 41605 | S8: 46261 | T8: 46261 | U8: --- | V8: =MIN(S8:U8) -> 46261 | W8: =MID(Q8,1,LEN(Q8)-3) -> NG | X8: =IFERROR(INDEX(AD:AD, MATCH(W8,AC:AC,0)),"---") -> NYMEX | Z8: как по дате соотносить | AC8: PA | AD8: NYMEX
A9: BR-10.26 | B9: BRV6 | C9: 46296 | D9: =MID(A9,1,SEARCH("-",A9,1)-1) -> BR | E9: BZ | F9: ="RUS:"&MID(B9,1,LEN(B9)-1)&"20"&RIGHT(A9,2)&"-"&INDEX(X:X, MATCH(J9,Q:Q,0))&":"&IF(N9="", MID(J9,1,LEN(J9)-2), N9&MID(J9,LEN(J9)-2,1))&"20"&RIGHT(J9,2) -> RUS:BRV2026-NYMEX:BZX2026 | G9: =MIN(C9,K9) -> 46295 | H9: =A9 -> BR-10.26 | I9: ="QR_"&IF(N9="", MID(J9,1,LEN(J9)-2)&RIGHT(J9),N9&MID(J9,LEN(J9)-2,1)&RIGHT(J9)) -> QR_BZX6 | J9: {=INDEX(Q:Q,MATCH(1, (W:W=E9)*(V:V>=C9-L9)*(V:V<=C9+L9), 0))} -> BZX26 | K9: =INDEX(V:V, MATCH(J9,Q:Q,0)) -> 46295 | L9: 10 | M9: =K9-C9 -> -1 | Q9: NGV26 | R9: 41605 | S9: 46293 | T9: 46293 | U9: --- | V9: =MIN(S9:U9) -> 46293 | W9: =MID(Q9,1,LEN(Q9)-3) -> NG | X9: =IFERROR(INDEX(AD:AD, MATCH(W9,AC:AC,0)),"---") -> NYMEX | AC9: PL | AD9: NYMEX
A10: BTC-3.26 | B10: BTH6 | C10: 46108 | D10: =MID(A10,1,SEARCH("-",A10,1)-1) -> BTC | E10: MBT | F10: ="RUS:"&MID(B10,1,LEN(B10)-1)&"20"&RIGHT(A10,2)&"-"&INDEX(X:X, MATCH(J10,Q:Q,0))&":"&IF(N10="", MID(J10,1,LEN(J10)-2), N10&MID(J10,LEN(J10)-2,1))&"20"&RIGHT(J10,2) -> RUS:BTH2026-CME:MBTH2026 | G10: =MIN(C10,K10) -> 46108 | H10: =A10 -> BTC-3.26 | I10: ="QR_"&IF(N10="", MID(J10,1,LEN(J10)-2)&RIGHT(J10),N10&MID(J10,LEN(J10)-2,1)&RIGHT(J10)) -> QR_MBTH6 | J10: {=INDEX(Q:Q,MATCH(1, (W:W=E10)*(V:V>=C10-L10)*(V:V<=C10+L10), 0))} -> MBTH26 | K10: =INDEX(V:V, MATCH(J10,Q:Q,0)) -> 46108 | L10: 10 | M10: =K10-C10 -> 0 | Q10: NGX26 | R10: 41605 | S10: 46323 | T10: 46323 | U10: --- | V10: =MIN(S10:U10) -> 46323 | W10: =MID(Q10,1,LEN(Q10)-3) -> NG | X10: =IFERROR(INDEX(AD:AD, MATCH(W10,AC:AC,0)),"---") -> NYMEX | AC10: SI | AD10: COMEX
A11: BTC-4.26 | B11: BTJ6 | C11: 46136 | D11: =MID(A11,1,SEARCH("-",A11,1)-1) -> BTC | E11: MBT | F11: ="RUS:"&MID(B11,1,LEN(B11)-1)&"20"&RIGHT(A11,2)&"-"&INDEX(X:X, MATCH(J11,Q:Q,0))&":"&IF(N11="", MID(J11,1,LEN(J11)-2), N11&MID(J11,LEN(J11)-2,1))&"20"&RIGHT(J11,2) -> RUS:BTJ2026-CME:MBTJ2026 | G11: =MIN(C11,K11) -> 46136 | H11: =A11 -> BTC-4.26 | I11: ="QR_"&IF(N11="", MID(J11,1,LEN(J11)-2)&RIGHT(J11),N11&MID(J11,LEN(J11)-2,1)&RIGHT(J11)) -> QR_MBTJ6 | J11: {=INDEX(Q:Q,MATCH(1, (W:W=E11)*(V:V>=C11-L11)*(V:V<=C11+L11), 0))} -> MBTJ26 | K11: =INDEX(V:V, MATCH(J11,Q:Q,0)) -> 46136 | L11: 10 | M11: =K11-C11 -> 0 | Q11: NGZ26 | R11: 41605 | S11: 46351 | T11: 46351 | U11: --- | V11: =MIN(S11:U11) -> 46351 | W11: =MID(Q11,1,LEN(Q11)-3) -> NG | X11: =IFERROR(INDEX(AD:AD, MATCH(W11,AC:AC,0)),"---") -> NYMEX | Z11: По месяцам подстановка | AC11: MGC | AD11: COMEX_MINI
A12: BTC-5.26 | B12: BTK6 | C12: 46171 | D12: =MID(A12,1,SEARCH("-",A12,1)-1) -> BTC | E12: MBT | F12: ="RUS:"&MID(B12,1,LEN(B12)-1)&"20"&RIGHT(A12,2)&"-"&INDEX(X:X, MATCH(J12,Q:Q,0))&":"&IF(N12="", MID(J12,1,LEN(J12)-2), N12&MID(J12,LEN(J12)-2,1))&"20"&RIGHT(J12,2) -> RUS:BTK2026-CME:MBTK2026 | G12: =MIN(C12,K12) -> 46171 | H12: =A12 -> BTC-5.26 | I12: ="QR_"&IF(N12="", MID(J12,1,LEN(J12)-2)&RIGHT(J12),N12&MID(J12,LEN(J12)-2,1)&RIGHT(J12)) -> QR_MBTK6 | J12: {=INDEX(Q:Q,MATCH(1, (W:W=E12)*(V:V>=C12-L12)*(V:V<=C12+L12), 0))} -> MBTK26 | K12: =INDEX(V:V, MATCH(J12,Q:Q,0)) -> 46171 | L12: 10 | M12: =K12-C12 -> 0 | Q12: NGF27 | R12: 41969 | S12: 46385 | T12: 46385 | U12: --- | V12: =MIN(S12:U12) -> 46385 | W12: =MID(Q12,1,LEN(Q12)-3) -> NG | X12: =IFERROR(INDEX(AD:AD, MATCH(W12,AC:AC,0)),"---") -> NYMEX | AC12: SIL | AD12: COMEX_MINI
A13: ED-3.26 | B13: EDH6 | C13: 46100 | D13: =MID(A13,1,SEARCH("-",A13,1)-1) -> ED | E13: EC | F13: ="RUS:"&MID(B13,1,LEN(B13)-1)&"20"&RIGHT(A13,2)&"-"&INDEX(X:X, MATCH(J13,Q:Q,0))&":"&IF(N13="", MID(J13,1,LEN(J13)-2), N13&MID(J13,LEN(J13)-2,1))&"20"&RIGHT(J13,2) -> RUS:EDH2026-CME:6EH2026 | G13: =MIN(C13,K13) -> 46097 | H13: =A13 -> ED-3.26 | I13: ="QR_"&IF(N13="", MID(J13,1,LEN(J13)-2)&RIGHT(J13),N13&MID(J13,LEN(J13)-2,1)&RIGHT(J13)) -> QR_6EH6 | J13: {=INDEX(Q:Q,MATCH(1, (W:W=E13)*(V:V>=C13-L13)*(V:V<=C13+L13), 0))} -> ECH26 | K13: =INDEX(V:V, MATCH(J13,Q:Q,0)) -> 46097 | L13: 10 | M13: =K13-C13 -> -3 | N13: 6E | Q13: NGG27 | R13: 41969 | S13: 46414 | T13: 46414 | U13: --- | V13: =MIN(S13:U13) -> 46414 | W13: =MID(Q13,1,LEN(Q13)-3) -> NG | X13: =IFERROR(INDEX(AD:AD, MATCH(W13,AC:AC,0)),"---") -> NYMEX | AC13: CNH | AD13: CME
A14: ED-6.26 | B14: EDM6 | C14: 46191 | D14: =MID(A14,1,SEARCH("-",A14,1)-1) -> ED | E14: EC | F14: ="RUS:"&MID(B14,1,LEN(B14)-1)&"20"&RIGHT(A14,2)&"-"&INDEX(X:X, MATCH(J14,Q:Q,0))&":"&IF(N14="", MID(J14,1,LEN(J14)-2), N14&MID(J14,LEN(J14)-2,1))&"20"&RIGHT(J14,2) -> RUS:EDM2026-CME:6EM2026 | G14: =MIN(C14,K14) -> 46188 | H14: =A14 -> ED-6.26 | I14: ="QR_"&IF(N14="", MID(J14,1,LEN(J14)-2)&RIGHT(J14),N14&MID(J14,LEN(J14)-2,1)&RIGHT(J14)) -> QR_6EM6 | J14: {=INDEX(Q:Q,MATCH(1, (W:W=E14)*(V:V>=C14-L14)*(V:V<=C14+L14), 0))} -> ECM26 | K14: =INDEX(V:V, MATCH(J14,Q:Q,0)) -> 46188 | L14: 10 | M14: =K14-C14 -> -3 | N14: 6E | Q14: NGH27 | R14: 41969 | S14: 46442 | T14: 46442 | U14: --- | V14: =MIN(S14:U14) -> 46442 | W14: =MID(Q14,1,LEN(Q14)-3) -> NG | X14: =IFERROR(INDEX(AD:AD, MATCH(W14,AC:AC,0)),"---") -> NYMEX | AC14: MES | AD14: CME_MINI
A15: ED-9.26 | B15: EDU6 | C15: 46282 | D15: =MID(A15,1,SEARCH("-",A15,1)-1) -> ED | E15: EC | F15: ="RUS:"&MID(B15,1,LEN(B15)-1)&"20"&RIGHT(A15,2)&"-"&INDEX(X:X, MATCH(J15,Q:Q,0))&":"&IF(N15="", MID(J15,1,LEN(J15)-2), N15&MID(J15,LEN(J15)-2,1))&"20"&RIGHT(J15,2) -> RUS:EDU2026-CME:6EU2026 | G15: =MIN(C15,K15) -> 46279 | H15: =A15 -> ED-9.26 | I15: ="QR_"&IF(N15="", MID(J15,1,LEN(J15)-2)&RIGHT(J15),N15&MID(J15,LEN(J15)-2,1)&RIGHT(J15)) -> QR_6EU6 | J15: {=INDEX(Q:Q,MATCH(1, (W:W=E15)*(V:V>=C15-L15)*(V:V<=C15+L15), 0))} -> ECU26 | K15: =INDEX(V:V, MATCH(J15,Q:Q,0)) -> 46279 | L15: 10 | M15: =K15-C15 -> -3 | N15: 6E | Q15: NGJ27 | R15: 41969 | S15: 46475 | T15: 46475 | U15: --- | V15: =MIN(S15:U15) -> 46475 | W15: =MID(Q15,1,LEN(Q15)-3) -> NG | X15: =IFERROR(INDEX(AD:AD, MATCH(W15,AC:AC,0)),"---") -> NYMEX | Z15: nasdaq etc | AC15: MNQ | AD15: CME_MINI
A16: ED-12.26 | B16: EDZ6 | C16: 46373 | D16: =MID(A16,1,SEARCH("-",A16,1)-1) -> ED | E16: EC | F16: ="RUS:"&MID(B16,1,LEN(B16)-1)&"20"&RIGHT(A16,2)&"-"&INDEX(X:X, MATCH(J16,Q:Q,0))&":"&IF(N16="", MID(J16,1,LEN(J16)-2), N16&MID(J16,LEN(J16)-2,1))&"20"&RIGHT(J16,2) -> RUS:EDZ2026-CME:6EZ2026 | G16: =MIN(C16,K16) -> 46370 | H16: =A16 -> ED-12.26 | I16: ="QR_"&IF(N16="", MID(J16,1,LEN(J16)-2)&RIGHT(J16),N16&MID(J16,LEN(J16)-2,1)&RIGHT(J16)) -> QR_6EZ6 | J16: {=INDEX(Q:Q,MATCH(1, (W:W=E16)*(V:V>=C16-L16)*(V:V<=C16+L16), 0))} -> ECZ26 | K16: =INDEX(V:V, MATCH(J16,Q:Q,0)) -> 46370 | L16: 10 | M16: =K16-C16 -> -3 | N16: 6E | Q16: NGK27 | R16: 41969 | S16: 46505 | T16: 46505 | U16: --- | V16: =MIN(S16:U16) -> 46505 | W16: =MID(Q16,1,LEN(Q16)-3) -> NG | X16: =IFERROR(INDEX(AD:AD, MATCH(W16,AC:AC,0)),"---") -> NYMEX | Z16: 6eu
A17: GOLD-3.26 | B17: GDH6 | C17: 46101 | D17: =MID(A17,1,SEARCH("-",A17,1)-1) -> GOLD | E17: GC | F17: ="RUS:"&MID(B17,1,LEN(B17)-1)&"20"&RIGHT(A17,2)&"-"&INDEX(X:X, MATCH(J17,Q:Q,0))&":"&IF(N17="", MID(J17,1,LEN(J17)-2), N17&MID(J17,LEN(J17)-2,1))&"20"&RIGHT(J17,2) -> RUS:GDH2026-COMEX:GCJ2026 | G17: =MIN(C17,K17) -> 46101 | H17: =A17 -> GOLD-3.26 | I17: ="QR_"&IF(N17="", MID(J17,1,LEN(J17)-2)&RIGHT(J17),N17&MID(J17,LEN(J17)-2,1)&RIGHT(J17)) -> QR_GCJ6 | J17: {=INDEX(Q:Q,MATCH(1, (W:W=E17)*(V:V>=C17-L17)*(V:V<=C17+L17), 0))} -> GCJ26 | K17: =INDEX(V:V, MATCH(J17,Q:Q,0)) -> 46112 | L17: 15 | M17: =K17-C17 -> 11 | Q17: NGM27 | R17: 41969 | S17: 46533 | T17: 46533 | U17: --- | V17: =MIN(S17:U17) -> 46533 | W17: =MID(Q17,1,LEN(Q17)-3) -> NG | X17: =IFERROR(INDEX(AD:AD, MATCH(W17,AC:AC,0)),"---") -> NYMEX
A18: GOLD-6.26 | B18: GDM6 | C18: 46192 | D18: =MID(A18,1,SEARCH("-",A18,1)-1) -> GOLD | E18: GC | F18: ="RUS:"&MID(B18,1,LEN(B18)-1)&"20"&RIGHT(A18,2)&"-"&INDEX(X:X, MATCH(J18,Q:Q,0))&":"&IF(N18="", MID(J18,1,LEN(J18)-2), N18&MID(J18,LEN(J18)-2,1))&"20"&RIGHT(J18,2) -> RUS:GDM2026-COMEX:GCN2026 | G18: =MIN(C18,K18) -> 46192 | H18: =A18 -> GOLD-6.26 | I18: ="QR_"&IF(N18="", MID(J18,1,LEN(J18)-2)&RIGHT(J18),N18&MID(J18,LEN(J18)-2,1)&RIGHT(J18)) -> QR_GCN6 | J18: {=INDEX(Q:Q,MATCH(1, (W:W=E18)*(V:V>=C18-L18)*(V:V<=C18+L18), 0))} -> GCN26 | K18: =INDEX(V:V, MATCH(J18,Q:Q,0)) -> 46203 | L18: 15 | M18: =K18-C18 -> 11 | Q18: NGN27 | R18: 41969 | S18: 46566 | T18: 46566 | U18: --- | V18: =MIN(S18:U18) -> 46566 | W18: =MID(Q18,1,LEN(Q18)-3) -> NG | X18: =IFERROR(INDEX(AD:AD, MATCH(W18,AC:AC,0)),"---") -> NYMEX
A19: GOLD-9.26 | B19: GDU6 | C19: 46283 | D19: =MID(A19,1,SEARCH("-",A19,1)-1) -> GOLD | E19: GC | F19: ="RUS:"&MID(B19,1,LEN(B19)-1)&"20"&RIGHT(A19,2)&"-"&INDEX(X:X, MATCH(J19,Q:Q,0))&":"&IF(N19="", MID(J19,1,LEN(J19)-2), N19&MID(J19,LEN(J19)-2,1))&"20"&RIGHT(J19,2) -> RUS:GDU2026-COMEX:GCV2026 | G19: =MIN(C19,K19) -> 46283 | H19: =A19 -> GOLD-9.26 | I19: ="QR_"&IF(N19="", MID(J19,1,LEN(J19)-2)&RIGHT(J19),N19&MID(J19,LEN(J19)-2,1)&RIGHT(J19)) -> QR_GCV6 | J19: {=INDEX(Q:Q,MATCH(1, (W:W=E19)*(V:V>=C19-L19)*(V:V<=C19+L19), 0))} -> GCV26 | K19: =INDEX(V:V, MATCH(J19,Q:Q,0)) -> 46295 | L19: 15 | M19: =K19-C19 -> 12 | Q19: NGQ27 | R19: 41969 | S19: 46596 | T19: 46596 | U19: --- | V19: =MIN(S19:U19) -> 46596 | W19: =MID(Q19,1,LEN(Q19)-3) -> NG | X19: =IFERROR(INDEX(AD:AD, MATCH(W19,AC:AC,0)),"---") -> NYMEX | Z19: nearest pairs x all
A20: GOLD-12.26 | B20: GDZ6 | C20: 46374 | D20: =MID(A20,1,SEARCH("-",A20,1)-1) -> GOLD | E20: GC | F20: ="RUS:"&MID(B20,1,LEN(B20)-1)&"20"&RIGHT(A20,2)&"-"&INDEX(X:X, MATCH(J20,Q:Q,0))&":"&IF(N20="", MID(J20,1,LEN(J20)-2), N20&MID(J20,LEN(J20)-2,1))&"20"&RIGHT(J20,2) -> RUS:GDZ2026-COMEX:GCF2027 | G20: =MIN(C20,K20) -> 46374 | H20: =A20 -> GOLD-12.26 | I20: ="QR_"&IF(N20="", MID(J20,1,LEN(J20)-2)&RIGHT(J20),N20&MID(J20,LEN(J20)-2,1)&RIGHT(J20)) -> QR_GCF7 | J20: {=INDEX(Q:Q,MATCH(1, (W:W=E20)*(V:V>=C20-L20)*(V:V<=C20+L20), 0))} -> GCF27 | K20: =INDEX(V:V, MATCH(J20,Q:Q,0)) -> 46387 | L20: 15 | M20: =K20-C20 -> 13 | Q20: NGU27 | R20: 41969 | S20: 46626 | T20: 46626 | U20: --- | V20: =MIN(S20:U20) -> 46626 | W20: =MID(Q20,1,LEN(Q20)-3) -> NG | X20: =IFERROR(INDEX(AD:AD, MATCH(W20,AC:AC,0)),"---") -> NYMEX
A21: NG-3.26 | B21: NGH6 | C21: 46108 | D21: =MID(A21,1,SEARCH("-",A21,1)-1) -> NG | E21: NG | F21: ="RUS:"&MID(B21,1,LEN(B21)-1)&"20"&RIGHT(A21,2)&"-"&INDEX(X:X, MATCH(J21,Q:Q,0))&":"&IF(N21="", MID(J21,1,LEN(J21)-2), N21&MID(J21,LEN(J21)-2,1))&"20"&RIGHT(J21,2) -> RUS:NGH2026-NYMEX:NGJ2026 | G21: =MIN(C21,K21) -> 46108 | H21: =A21 -> NG-3.26 | I21: ="QR_"&IF(N21="", MID(J21,1,LEN(J21)-2)&RIGHT(J21),N21&MID(J21,LEN(J21)-2,1)&RIGHT(J21)) -> QR_NGJ6 | J21: {=INDEX(Q:Q,MATCH(1, (W:W=E21)*(V:V>=C21-L21)*(V:V<=C21+L21), 0))} -> NGJ26 | K21: =INDEX(V:V, MATCH(J21,Q:Q,0)) -> 46108 | L21: 3 | M21: =K21-C21 -> 0 | Q21: NGV27 | R21: 41969 | S21: 46658 | T21: 46658 | U21: --- | V21: =MIN(S21:U21) -> 46658 | W21: =MID(Q21,1,LEN(Q21)-3) -> NG | X21: =IFERROR(INDEX(AD:AD, MATCH(W21,AC:AC,0)),"---") -> NYMEX
A22: NG-4.26 | B22: NGJ6 | C22: 46140 | D22: =MID(A22,1,SEARCH("-",A22,1)-1) -> NG | E22: NG | F22: ="RUS:"&MID(B22,1,LEN(B22)-1)&"20"&RIGHT(A22,2)&"-"&INDEX(X:X, MATCH(J22,Q:Q,0))&":"&IF(N22="", MID(J22,1,LEN(J22)-2), N22&MID(J22,LEN(J22)-2,1))&"20"&RIGHT(J22,2) -> RUS:NGJ2026-NYMEX:NGK2026 | G22: =MIN(C22,K22) -> 46140 | H22: =A22 -> NG-4.26 | I22: ="QR_"&IF(N22="", MID(J22,1,LEN(J22)-2)&RIGHT(J22),N22&MID(J22,LEN(J22)-2,1)&RIGHT(J22)) -> QR_NGK6 | J22: {=INDEX(Q:Q,MATCH(1, (W:W=E22)*(V:V>=C22-L22)*(V:V<=C22+L22), 0))} -> NGK26 | K22: =INDEX(V:V, MATCH(J22,Q:Q,0)) -> 46140 | L22: 3 | M22: =K22-C22 -> 0 | Q22: NGX27 | R22: 41969 | S22: 46687 | T22: 46687 | U22: --- | V22: =MIN(S22:U22) -> 46687 | W22: =MID(Q22,1,LEN(Q22)-3) -> NG | X22: =IFERROR(INDEX(AD:AD, MATCH(W22,AC:AC,0)),"---") -> NYMEX
A23: NG-5.26 | B23: NGK6 | C23: 46169 | D23: =MID(A23,1,SEARCH("-",A23,1)-1) -> NG | E23: NG | F23: ="RUS:"&MID(B23,1,LEN(B23)-1)&"20"&RIGHT(A23,2)&"-"&INDEX(X:X, MATCH(J23,Q:Q,0))&":"&IF(N23="", MID(J23,1,LEN(J23)-2), N23&MID(J23,LEN(J23)-2,1))&"20"&RIGHT(J23,2) -> RUS:NGK2026-NYMEX:NGM2026 | G23: =MIN(C23,K23) -> 46169 | H23: =A23 -> NG-5.26 | I23: ="QR_"&IF(N23="", MID(J23,1,LEN(J23)-2)&RIGHT(J23),N23&MID(J23,LEN(J23)-2,1)&RIGHT(J23)) -> QR_NGM6 | J23: {=INDEX(Q:Q,MATCH(1, (W:W=E23)*(V:V>=C23-L23)*(V:V<=C23+L23), 0))} -> NGM26 | K23: =INDEX(V:V, MATCH(J23,Q:Q,0)) -> 46169 | L23: 3 | M23: =K23-C23 -> 0 | Q23: NGZ27 | R23: 41969 | S23: 46717 | T23: 46717 | U23: --- | V23: =MIN(S23:U23) -> 46717 | W23: =MID(Q23,1,LEN(Q23)-3) -> NG | X23: =IFERROR(INDEX(AD:AD, MATCH(W23,AC:AC,0)),"---") -> NYMEX | Z23: базу данных мб на отдельный лист
A24: NG-6.26 | B24: NGM6 | C24: 46199 | D24: =MID(A24,1,SEARCH("-",A24,1)-1) -> NG | E24: NG | F24: ="RUS:"&MID(B24,1,LEN(B24)-1)&"20"&RIGHT(A24,2)&"-"&INDEX(X:X, MATCH(J24,Q:Q,0))&":"&IF(N24="", MID(J24,1,LEN(J24)-2), N24&MID(J24,LEN(J24)-2,1))&"20"&RIGHT(J24,2) -> RUS:NGM2026-NYMEX:NGN2026 | G24: =MIN(C24,K24) -> 46199 | H24: =A24 -> NG-6.26 | I24: ="QR_"&IF(N24="", MID(J24,1,LEN(J24)-2)&RIGHT(J24),N24&MID(J24,LEN(J24)-2,1)&RIGHT(J24)) -> QR_NGN6 | J24: {=INDEX(Q:Q,MATCH(1, (W:W=E24)*(V:V>=C24-L24)*(V:V<=C24+L24), 0))} -> NGN26 | K24: =INDEX(V:V, MATCH(J24,Q:Q,0)) -> 46199 | L24: 3 | M24: =K24-C24 -> 0 | Q24: NGF28 | R24: 42335 | S24: 46750 | T24: 46750 | U24: --- | V24: =MIN(S24:U24) -> 46750 | W24: =MID(Q24,1,LEN(Q24)-3) -> NG | X24: =IFERROR(INDEX(AD:AD, MATCH(W24,AC:AC,0)),"---") -> NYMEX | Z24: макрос для всех комбинаций - но продумать логику
A25: NG-7.26 | B25: NGN6 | C25: 46232 | D25: =MID(A25,1,SEARCH("-",A25,1)-1) -> NG | E25: NG | F25: ="RUS:"&MID(B25,1,LEN(B25)-1)&"20"&RIGHT(A25,2)&"-"&INDEX(X:X, MATCH(J25,Q:Q,0))&":"&IF(N25="", MID(J25,1,LEN(J25)-2), N25&MID(J25,LEN(J25)-2,1))&"20"&RIGHT(J25,2) -> RUS:NGN2026-NYMEX:NGQ2026 | G25: =MIN(C25,K25) -> 46232 | H25: =A25 -> NG-7.26 | I25: ="QR_"&IF(N25="", MID(J25,1,LEN(J25)-2)&RIGHT(J25),N25&MID(J25,LEN(J25)-2,1)&RIGHT(J25)) -> QR_NGQ6 | J25: {=INDEX(Q:Q,MATCH(1, (W:W=E25)*(V:V>=C25-L25)*(V:V<=C25+L25), 0))} -> NGQ26 | K25: =INDEX(V:V, MATCH(J25,Q:Q,0)) -> 46232 | L25: 3 | M25: =K25-C25 -> 0 | Q25: NGG28 | R25: 42335 | S25: 46779 | T25: 46779 | U25: --- | V25: =MIN(S25:U25) -> 46779 | W25: =MID(Q25,1,LEN(Q25)-3) -> NG | X25: =IFERROR(INDEX(AD:AD, MATCH(W25,AC:AC,0)),"---") -> NYMEX
A26: NG-8.26 | B26: NGQ6 | C26: 46261 | D26: =MID(A26,1,SEARCH("-",A26,1)-1) -> NG | E26: NG | F26: ="RUS:"&MID(B26,1,LEN(B26)-1)&"20"&RIGHT(A26,2)&"-"&INDEX(X:X, MATCH(J26,Q:Q,0))&":"&IF(N26="", MID(J26,1,LEN(J26)-2), N26&MID(J26,LEN(J26)-2,1))&"20"&RIGHT(J26,2) -> RUS:NGQ2026-NYMEX:NGU2026 | G26: =MIN(C26,K26) -> 46261 | H26: =A26 -> NG-8.26 | I26: ="QR_"&IF(N26="", MID(J26,1,LEN(J26)-2)&RIGHT(J26),N26&MID(J26,LEN(J26)-2,1)&RIGHT(J26)) -> QR_NGU6 | J26: {=INDEX(Q:Q,MATCH(1, (W:W=E26)*(V:V>=C26-L26)*(V:V<=C26+L26), 0))} -> NGU26 | K26: =INDEX(V:V, MATCH(J26,Q:Q,0)) -> 46261 | L26: 3 | M26: =K26-C26 -> 0 | Q26: NGH28 | R26: 42335 | S26: 46808 | T26: 46808 | U26: --- | V26: =MIN(S26:U26) -> 46808 | W26: =MID(Q26,1,LEN(Q26)-3) -> NG | X26: =IFERROR(INDEX(AD:AD, MATCH(W26,AC:AC,0)),"---") -> NYMEX
A27: NG-9.26 | B27: NGU6 | C27: 46293 | D27: =MID(A27,1,SEARCH("-",A27,1)-1) -> NG | E27: NG | F27: ="RUS:"&MID(B27,1,LEN(B27)-1)&"20"&RIGHT(A27,2)&"-"&INDEX(X:X, MATCH(J27,Q:Q,0))&":"&IF(N27="", MID(J27,1,LEN(J27)-2), N27&MID(J27,LEN(J27)-2,1))&"20"&RIGHT(J27,2) -> RUS:NGU2026-NYMEX:NGV2026 | G27: =MIN(C27,K27) -> 46293 | H27: =A27 -> NG-9.26 | I27: ="QR_"&IF(N27="", MID(J27,1,LEN(J27)-2)&RIGHT(J27),N27&MID(J27,LEN(J27)-2,1)&RIGHT(J27)) -> QR_NGV6 | J27: {=INDEX(Q:Q,MATCH(1, (W:W=E27)*(V:V>=C27-L27)*(V:V<=C27+L27), 0))} -> NGV26 | K27: =INDEX(V:V, MATCH(J27,Q:Q,0)) -> 46293 | L27: 3 | M27: =K27-C27 -> 0 | Q27: NGJ28 | R27: 42335 | S27: 46841 | T27: 46841 | U27: --- | V27: =MIN(S27:U27) -> 46841 | W27: =MID(Q27,1,LEN(Q27)-3) -> NG | X27: =IFERROR(INDEX(AD:AD, MATCH(W27,AC:AC,0)),"---") -> NYMEX
A28: PLD-3.26 | B28: PDH6 | C28: 46101 | D28: =MID(A28,1,SEARCH("-",A28,1)-1) -> PLD | E28: PA | F28: ="RUS:"&MID(B28,1,LEN(B28)-1)&"20"&RIGHT(A28,2)&"-"&INDEX(X:X, MATCH(J28,Q:Q,0))&":"&IF(N28="", MID(J28,1,LEN(J28)-2), N28&MID(J28,LEN(J28)-2,1))&"20"&RIGHT(J28,2) -> RUS:PDH2026-NYMEX:PAJ2026 | G28: =MIN(C28,K28) -> 46101 | H28: =A28 -> PLD-3.26 | I28: ="QR_"&IF(N28="", MID(J28,1,LEN(J28)-2)&RIGHT(J28),N28&MID(J28,LEN(J28)-2,1)&RIGHT(J28)) -> QR_PAJ6 | J28: {=INDEX(Q:Q,MATCH(1, (W:W=E28)*(V:V>=C28-L28)*(V:V<=C28+L28), 0))} -> PAJ26 | K28: =INDEX(V:V, MATCH(J28,Q:Q,0)) -> 46112 | L28: 15 | M28: =K28-C28 -> 11 | Q28: NGK28 | R28: 42335 | S28: 46869 | T28: 46869 | U28: --- | V28: =MIN(S28:U28) -> 46869 | W28: =MID(Q28,1,LEN(Q28)-3) -> NG | X28: =IFERROR(INDEX(AD:AD, MATCH(W28,AC:AC,0)),"---") -> NYMEX
A29: PLD-6.26 | B29: PDM6 | C29: 46192 | D29: =MID(A29,1,SEARCH("-",A29,1)-1) -> PLD | E29: PA | F29: ="RUS:"&MID(B29,1,LEN(B29)-1)&"20"&RIGHT(A29,2)&"-"&INDEX(X:X, MATCH(J29,Q:Q,0))&":"&IF(N29="", MID(J29,1,LEN(J29)-2), N29&MID(J29,LEN(J29)-2,1))&"20"&RIGHT(J29,2) -> RUS:PDM2026-NYMEX:PAM2026 | G29: =MIN(C29,K29) -> 46171 | H29: =A29 -> PLD-6.26 | I29: ="QR_"&IF(N29="", MID(J29,1,LEN(J29)-2)&RIGHT(J29),N29&MID(J29,LEN(J29)-2,1)&RIGHT(J29)) -> QR_PAM6 | J29: {=INDEX(Q:Q,MATCH(1, (W:W=E29)*(V:V>=C29-L29)*(V:V<=C29+L29), 0))} -> PAM26 | K29: =INDEX(V:V, MATCH(J29,Q:Q,0)) -> 46171 | L29: 30 | M29: =K29-C29 -> -21 | Q29: NGM28 | R29: 42335 | S29: 46899 | T29: 46899 | U29: --- | V29: =MIN(S29:U29) -> 46899 | W29: =MID(Q29,1,LEN(Q29)-3) -> NG | X29: =IFERROR(INDEX(AD:AD, MATCH(W29,AC:AC,0)),"---") -> NYMEX
A30: PLD-9.26 | B30: PDU6 | C30: 46283 | D30: =MID(A30,1,SEARCH("-",A30,1)-1) -> PLD | E30: PA | F30: ="RUS:"&MID(B30,1,LEN(B30)-1)&"20"&RIGHT(A30,2)&"-"&INDEX(X:X, MATCH(J30,Q:Q,0))&":"&IF(N30="", MID(J30,1,LEN(J30)-2), N30&MID(J30,LEN(J30)-2,1))&"20"&RIGHT(J30,2) -> RUS:PDU2026-NYMEX:PAU2026 | G30: =MIN(C30,K30) -> 46265 | H30: =A30 -> PLD-9.26 | I30: ="QR_"&IF(N30="", MID(J30,1,LEN(J30)-2)&RIGHT(J30),N30&MID(J30,LEN(J30)-2,1)&RIGHT(J30)) -> QR_PAU6 | J30: {=INDEX(Q:Q,MATCH(1, (W:W=E30)*(V:V>=C30-L30)*(V:V<=C30+L30), 0))} -> PAU26 | K30: =INDEX(V:V, MATCH(J30,Q:Q,0)) -> 46265 | L30: 30 | M30: =K30-C30 -> -18 | Q30: NGN28 | R30: 42335 | S30: 46932 | T30: 46932 | U30: --- | V30: =MIN(S30:U30) -> 46932 | W30: =MID(Q30,1,LEN(Q30)-3) -> NG | X30: =IFERROR(INDEX(AD:AD, MATCH(W30,AC:AC,0)),"---") -> NYMEX
A31: PLD-12.26 | B31: PDZ6 | C31: 46374 | D31: =MID(A31,1,SEARCH("-",A31,1)-1) -> PLD | E31: PA | F31: ="RUS:"&MID(B31,1,LEN(B31)-1)&"20"&RIGHT(A31,2)&"-"&INDEX(X:X, MATCH(J31,Q:Q,0))&":"&IF(N31="", MID(J31,1,LEN(J31)-2), N31&MID(J31,LEN(J31)-2,1))&"20"&RIGHT(J31,2) -> RUS:PDZ2026-NYMEX:PAZ2026 | G31: =MIN(C31,K31) -> 46356 | H31: =A31 -> PLD-12.26 | I31: ="QR_"&IF(N31="", MID(J31,1,LEN(J31)-2)&RIGHT(J31),N31&MID(J31,LEN(J31)-2,1)&RIGHT(J31)) -> QR_PAZ6 | J31: {=INDEX(Q:Q,MATCH(1, (W:W=E31)*(V:V>=C31-L31)*(V:V<=C31+L31), 0))} -> PAZ26 | K31: =INDEX(V:V, MATCH(J31,Q:Q,0)) -> 46356 | L31: 30 | M31: =K31-C31 -> -18 | Q31: NGQ28 | R31: 42335 | S31: 46961 | T31: 46961 | U31: --- | V31: =MIN(S31:U31) -> 46961 | W31: =MID(Q31,1,LEN(Q31)-3) -> NG | X31: =IFERROR(INDEX(AD:AD, MATCH(W31,AC:AC,0)),"---") -> NYMEX
A32: PLT-3.26 | B32: PTH6 | C32: 46101 | D32: =MID(A32,1,SEARCH("-",A32,1)-1) -> PLT | E32: PL | F32: ="RUS:"&MID(B32,1,LEN(B32)-1)&"20"&RIGHT(A32,2)&"-"&INDEX(X:X, MATCH(J32,Q:Q,0))&":"&IF(N32="", MID(J32,1,LEN(J32)-2), N32&MID(J32,LEN(J32)-2,1))&"20"&RIGHT(J32,2) -> RUS:PTH2026-NYMEX:PLJ2026 | G32: =MIN(C32,K32) -> 46101 | H32: =A32 -> PLT-3.26 | I32: ="QR_"&IF(N32="", MID(J32,1,LEN(J32)-2)&RIGHT(J32),N32&MID(J32,LEN(J32)-2,1)&RIGHT(J32)) -> QR_PLJ6 | J32: {=INDEX(Q:Q,MATCH(1, (W:W=E32)*(V:V>=C32-L32)*(V:V<=C32+L32), 0))} -> PLJ26 | K32: =INDEX(V:V, MATCH(J32,Q:Q,0)) -> 46112 | L32: 15 | M32: =K32-C32 -> 11 | Q32: NGU28 | R32: 42335 | S32: 46994 | T32: 46994 | U32: --- | V32: =MIN(S32:U32) -> 46994 | W32: =MID(Q32,1,LEN(Q32)-3) -> NG | X32: =IFERROR(INDEX(AD:AD, MATCH(W32,AC:AC,0)),"---") -> NYMEX
A33: PLT-6.26 | B33: PTM6 | C33: 46192 | D33: =MID(A33,1,SEARCH("-",A33,1)-1) -> PLT | E33: PL | F33: ="RUS:"&MID(B33,1,LEN(B33)-1)&"20"&RIGHT(A33,2)&"-"&INDEX(X:X, MATCH(J33,Q:Q,0))&":"&IF(N33="", MID(J33,1,LEN(J33)-2), N33&MID(J33,LEN(J33)-2,1))&"20"&RIGHT(J33,2) -> RUS:PTM2026-NYMEX:PLN2026 | G33: =MIN(C33,K33) -> 46192 | H33: =A33 -> PLT-6.26 | I33: ="QR_"&IF(N33="", MID(J33,1,LEN(J33)-2)&RIGHT(J33),N33&MID(J33,LEN(J33)-2,1)&RIGHT(J33)) -> QR_PLN6 | J33: {=INDEX(Q:Q,MATCH(1, (W:W=E33)*(V:V>=C33-L33)*(V:V<=C33+L33), 0))} -> PLN26 | K33: =INDEX(V:V, MATCH(J33,Q:Q,0)) -> 46203 | L33: 15 | M33: =K33-C33 -> 11 | Q33: NGV28 | R33: 42335 | S33: 47023 | T33: 47023 | U33: --- | V33: =MIN(S33:U33) -> 47023 | W33: =MID(Q33,1,LEN(Q33)-3) -> NG | X33: =IFERROR(INDEX(AD:AD, MATCH(W33,AC:AC,0)),"---") -> NYMEX
A34: PLT-9.26 | B34: PTU6 | C34: 46283 | D34: =MID(A34,1,SEARCH("-",A34,1)-1) -> PLT | E34: PL | F34: ="RUS:"&MID(B34,1,LEN(B34)-1)&"20"&RIGHT(A34,2)&"-"&INDEX(X:X, MATCH(J34,Q:Q,0))&":"&IF(N34="", MID(J34,1,LEN(J34)-2), N34&MID(J34,LEN(J34)-2,1))&"20"&RIGHT(J34,2) -> RUS:PTU2026-NYMEX:PLV2026 | G34: =MIN(C34,K34) -> 46283 | H34: =A34 -> PLT-9.26 | I34: ="QR_"&IF(N34="", MID(J34,1,LEN(J34)-2)&RIGHT(J34),N34&MID(J34,LEN(J34)-2,1)&RIGHT(J34)) -> QR_PLV6 | J34: {=INDEX(Q:Q,MATCH(1, (W:W=E34)*(V:V>=C34-L34)*(V:V<=C34+L34), 0))} -> PLV26 | K34: =INDEX(V:V, MATCH(J34,Q:Q,0)) -> 46295 | L34: 15 | M34: =K34-C34 -> 12 | Q34: NGX28 | R34: 42335 | S34: 47053 | T34: 47053 | U34: --- | V34: =MIN(S34:U34) -> 47053 | W34: =MID(Q34,1,LEN(Q34)-3) -> NG | X34: =IFERROR(INDEX(AD:AD, MATCH(W34,AC:AC,0)),"---") -> NYMEX
A35: PLT-12.26 | B35: PTZ6 | C35: 46374 | D35: =MID(A35,1,SEARCH("-",A35,1)-1) -> PLT | E35: PL | F35: ="RUS:"&MID(B35,1,LEN(B35)-1)&"20"&RIGHT(A35,2)&"-"&INDEX(X:X, MATCH(J35,Q:Q,0))&":"&IF(N35="", MID(J35,1,LEN(J35)-2), N35&MID(J35,LEN(J35)-2,1))&"20"&RIGHT(J35,2) -> RUS:PTZ2026-NYMEX:PLF2027 | G35: =MIN(C35,K35) -> 46374 | H35: =A35 -> PLT-12.26 | I35: ="QR_"&IF(N35="", MID(J35,1,LEN(J35)-2)&RIGHT(J35),N35&MID(J35,LEN(J35)-2,1)&RIGHT(J35)) -> QR_PLF7 | J35: {=INDEX(Q:Q,MATCH(1, (W:W=E35)*(V:V>=C35-L35)*(V:V<=C35+L35), 0))} -> PLF27 | K35: =INDEX(V:V, MATCH(J35,Q:Q,0)) -> 46387 | L35: 15 | M35: =K35-C35 -> 13 | Q35: NGZ28 | R35: 42335 | S35: 47085 | T35: 47085 | U35: --- | V35: =MIN(S35:U35) -> 47085 | W35: =MID(Q35,1,LEN(Q35)-3) -> NG | X35: =IFERROR(INDEX(AD:AD, MATCH(W35,AC:AC,0)),"---") -> NYMEX
A36: SILV-3.26 | B36: SVH6 | C36: 46101 | D36: =MID(A36,1,SEARCH("-",A36,1)-1) -> SILV | E36: SI | F36: ="RUS:"&MID(B36,1,LEN(B36)-1)&"20"&RIGHT(A36,2)&"-"&INDEX(X:X, MATCH(J36,Q:Q,0))&":"&IF(N36="", MID(J36,1,LEN(J36)-2), N36&MID(J36,LEN(J36)-2,1))&"20"&RIGHT(J36,2) -> RUS:SVH2026-COMEX:SIJ2026 | G36: =MIN(C36,K36) -> 46101 | H36: =A36 -> SILV-3.26 | I36: ="QR_"&IF(N36="", MID(J36,1,LEN(J36)-2)&RIGHT(J36),N36&MID(J36,LEN(J36)-2,1)&RIGHT(J36)) -> QR_SIJ6 | J36: {=INDEX(Q:Q,MATCH(1, (W:W=E36)*(V:V>=C36-L36)*(V:V<=C36+L36), 0))} -> SIJ26 | K36: =INDEX(V:V, MATCH(J36,Q:Q,0)) -> 46112 | L36: 15 | M36: =K36-C36 -> 11 | Q36: NGF29 | R36: 42703 | S36: 47114 | T36: 47114 | U36: --- | V36: =MIN(S36:U36) -> 47114 | W36: =MID(Q36,1,LEN(Q36)-3) -> NG | X36: =IFERROR(INDEX(AD:AD, MATCH(W36,AC:AC,0)),"---") -> NYMEX
... A46: SILV-9.26 | B46: SVU6 | C46: 46283 | D46: =MID(A46,1,SEARCH("-",A46,1)-1) -> SILV | E46: SIL | F46: ="RUS:"&MID(B46,1,LEN(B46)-1)&"20"&RIGHT(A46,2)&"-"&INDEX(X:X, MATCH(J46,Q:Q,0))&":"&IF(N46="", MID(J46,1,LEN(J46)-2), N46&MID(J46,LEN(J46)-2,1))&"20"&RIGHT(J46,2) -> RUS:SVU2026-COMEX_MINI:SILU2026 | G46: =MIN(C46,K46) -> 46265 | H46: =A46 -> SILV-9.26 | I46: ="QR_"&IF(N46="", MID(J46,1,LEN(J46)-2)&RIGHT(J46),N46&MID(J46,LEN(J46)-2,1)&RIGHT(J46)) -> QR_SILU6 | J46: {=INDEX(Q:Q,MATCH(1, (W:W=E46)*(V:V>=C46-L46)*(V:V<=C46+L46), 0))} -> SILU26 | K46: =INDEX(V:V, MATCH(J46,Q:Q,0)) -> 46265 | L46: 30 | M46: =K46-C46 -> -18 | Q46: NGX29 | R46: 42703 | S46: 47420 | T46: 47420 | U46: --- | V46: =MIN(S46:U46) -> 47420 | W46: =MID(Q46,1,LEN(Q46)-3) -> NG | X46: =IFERROR(INDEX(AD:AD, MATCH(W46,AC:AC,0)),"---") -> NYMEX
A47: UCNY-3.26 | B47: UCH6 | C47: 46100 | D47: =MID(A47,1,SEARCH("-",A47,1)-1) -> UCNY | E47: CNH | F47: ="RUS:"&MID(B47,1,LEN(B47)-1)&"20"&RIGHT(A47,2)&"-"&INDEX(X:X, MATCH(J47,Q:Q,0))&":"&IF(N47="", MID(J47,1,LEN(J47)-2), N47&MID(J47,LEN(J47)-2,1))&"20"&RIGHT(J47,2) -> RUS:UCH2026-CME:UCH2026 | G47: =MIN(C47,K47) -> 46097 | H47: =A47 -> UCNY-3.26 | I47: ="QR_"&IF(N47="", MID(J47,1,LEN(J47)-2)&RIGHT(J47),N47&MID(J47,LEN(J47)-2,1)&RIGHT(J47)) -> QR_UCH6 | J47: {=INDEX(Q:Q,MATCH(1, (W:W=E47)*(V:V>=C47-L47)*(V:V<=C47+L47), 0))} -> CNHH26 | K47: =INDEX(V:V, MATCH(J47,Q:Q,0)) -> 46097 | L47: 15 | M47: =K47-C47 -> -3 | N47: UC | Q47: NGZ29 | R47: 42703 | S47: 47450 | T47: 47450 | U47: --- | V47: =MIN(S47:U47) -> 47450 | W47: =MID(Q47,1,LEN(Q47)-3) -> NG | X47: =IFERROR(INDEX(AD:AD, MATCH(W47,AC:AC,0)),"---") -> NYMEX
A48: UCNY-6.26 | B48: UCM6 | C48: 46191 | D48: =MID(A48,1,SEARCH("-",A48,1)-1) -> UCNY | E48: CNH | F48: ="RUS:"&MID(B48,1,LEN(B48)-1)&"20"&RIGHT(A48,2)&"-"&INDEX(X:X, MATCH(J48,Q:Q,0))&":"&IF(N48="", MID(J48,1,LEN(J48)-2), N48&MID(J48,LEN(J48)-2,1))&"20"&RIGHT(J48,2) -> RUS:UCM2026-CME:UCM2026 | G48: =MIN(C48,K48) -> 46188 | H48: =A48 -> UCNY-6.26 | I48: ="QR_"&IF(N48="", MID(J48,1,LEN(J48)-2)&RIGHT(J48),N48&MID(J48,LEN(J48)-2,1)&RIGHT(J48)) -> QR_UCM6 | J48: {=INDEX(Q:Q,MATCH(1, (W:W=E48)*(V:V>=C48-L48)*(V:V<=C48+L48), 0))} -> CNHM26 | K48: =INDEX(V:V, MATCH(J48,Q:Q,0)) -> 46188 | L48: 15 | M48: =K48-C48 -> -3 | N48: UC | Q48: NGF30 | R48: 43068 | S48: 47479 | T48: 47479 | U48: --- | V48: =MIN(S48:U48) -> 47479 | W48: =MID(Q48,1,LEN(Q48)-3) -> NG | X48: =IFERROR(INDEX(AD:AD, MATCH(W48,AC:AC,0)),"---") -> NYMEX
A49: UCNY-9.26 | B49: UCU6 | C49: 46282 | D49: =MID(A49,1,SEARCH("-",A49,1)-1) -> UCNY | E49: CNH | F49: ="RUS:"&MID(B49,1,LEN(B49)-1)&"20"&RIGHT(A49,2)&"-"&INDEX(X:X, MATCH(J49,Q:Q,0))&":"&IF(N49="", MID(J49,1,LEN(J49)-2), N49&MID(J49,LEN(J49)-2,1))&"20"&RIGHT(J49,2) -> RUS:UCU2026-CME:UCU2026 | G49: =MIN(C49,K49) -> 46279 | H49: =A49 -> UCNY-9.26 | I49: ="QR_"&IF(N49="", MID(J49,1,LEN(J49)-2)&RIGHT(J49),N49&MID(J49,LEN(J49)-2,1)&RIGHT(J49)) -> QR_UCU6 | J49: {=INDEX(Q:Q,MATCH(1, (W:W=E49)*(V:V>=C49-L49)*(V:V<=C49+L49), 0))} -> CNHU26 | K49: =INDEX(V:V, MATCH(J49,Q:Q,0)) -> 46279 | L49: 15 | M49: =K49-C49 -> -3 | N49: UC | Q49: NGG30 | R49: 43068 | S49: 47512 | T49: 47512 | U49: --- | V49: =MIN(S49:U49) -> 47512 | W49: =MID(Q49,1,LEN(Q49)-3) -> NG | X49: =IFERROR(INDEX(AD:AD, MATCH(W49,AC:AC,0)),"---") -> NYMEX
A50: UCNY-12.26 | B50: UCZ6 | C50: 46373 | D50: =MID(A50,1,SEARCH("-",A50,1)-1) -> UCNY | E50: CNH | F50: ="RUS:"&MID(B50,1,LEN(B50)-1)&"20"&RIGHT(A50,2)&"-"&INDEX(X:X, MATCH(J50,Q:Q,0))&":"&IF(N50="", MID(J50,1,LEN(J50)-2), N50&MID(J50,LEN(J50)-2,1))&"20"&RIGHT(J50,2) -> RUS:UCZ2026-CME:UCZ2026 | G50: =MIN(C50,K50) -> 46370 | H50: =A50 -> UCNY-12.26 | I50: ="QR_"&IF(N50="", MID(J50,1,LEN(J50)-2)&RIGHT(J50),N50&MID(J50,LEN(J50)-2,1)&RIGHT(J50)) -> QR_UCZ6 | J50: {=INDEX(Q:Q,MATCH(1, (W:W=E50)*(V:V>=C50-L50)*(V:V<=C50+L50), 0))} -> CNHZ26 | K50: =INDEX(V:V, MATCH(J50,Q:Q,0)) -> 46370 | L50: 15 | M50: =K50-C50 -> -3 | N50: UC | Q50: NGH30 | R50: 43068 | S50: 47540 | T50: 47540 | U50: --- | V50: =MIN(S50:U50) -> 47540 | W50: =MID(Q50,1,LEN(Q50)-3) -> NG | X50: =IFERROR(INDEX(AD:AD, MATCH(W50,AC:AC,0)),"---") -> NYMEX
A51: NASD-3.26 | B51: NAH6 | C51: 46101 | D51: =MID(A51,1,SEARCH("-",A51,1)-1) -> NASD | E51: MNQ | F51: ="RUS:"&MID(B51,1,LEN(B51)-1)&"20"&RIGHT(A51,2)&"-"&INDEX(X:X, MATCH(J51,Q:Q,0))&":"&IF(N51="", MID(J51,1,LEN(J51)-2), N51&MID(J51,LEN(J51)-2,1))&"20"&RIGHT(J51,2) -> RUS:NAH2026-CME_MINI:MNQH2026 | G51: =MIN(C51,K51) -> 46101 | H51: =A51 -> NASD-3.26 | I51: ="QR_"&IF(N51="", MID(J51,1,LEN(J51)-2)&RIGHT(J51),N51&MID(J51,LEN(J51)-2,1)&RIGHT(J51)) -> QR_MNQH6 | J51: {=INDEX(Q:Q,MATCH(1, (W:W=E51)*(V:V>=C51-L51)*(V:V<=C51+L51), 0))} -> MNQH26 | K51: =INDEX(V:V, MATCH(J51,Q:Q,0)) -> 46101 | L51: 16 | M51: =K51-C51 -> 0 | Q51: NGJ30 | R51: 43068 | S51: 47569 | T51: 47569 | U51: --- | V51: =MIN(S51:U51) -> 47569 | W51: =MID(Q51,1,LEN(Q51)-3) -> NG | X51: =IFERROR(INDEX(AD:AD, MATCH(W51,AC:AC,0)),"---") -> NYMEX
A52: NASD-6.26 | B52: NAM6 | C52: 46192 | D52: =MID(A52,1,SEARCH("-",A52,1)-1) -> NASD | E52: MNQ | F52: ="RUS:"&MID(B52,1,LEN(B52)-1)&"20"&RIGHT(A52,2)&"-"&INDEX(X:X, MATCH(J52,Q:Q,0))&":"&IF(N52="", MID(J52,1,LEN(J52)-2), N52&MID(J52,LEN(J52)-2,1))&"20"&RIGHT(J52,2) -> RUS:NAM2026-CME_MINI:MNQM2026 | G52: =MIN(C52,K52) -> 46191 | H52: =A52 -> NASD-6.26 | I52: ="QR_"&IF(N52="", MID(J52,1,LEN(J52)-2)&RIGHT(J52),N52&MID(J52,LEN(J52)-2,1)&RIGHT(J52)) -> QR_MNQM6 | J52: {=INDEX(Q:Q,MATCH(1, (W:W=E52)*(V:V>=C52-L52)*(V:V<=C52+L52), 0))} -> MNQM26 | K52: =INDEX(V:V, MATCH(J52,Q:Q,0)) -> 46191 | L52: 17 | M52: =K52-C52 -> -1 | Q52: NGK30 | R52: 43068 | S52: 47599 | T52: 47599 | U52: --- | V52: =MIN(S52:U52) -> 47599 | W52: =MID(Q52,1,LEN(Q52)-3) -> NG | X52: =IFERROR(INDEX(AD:AD, MATCH(W52,AC:AC,0)),"---") -> NYMEX
A53: NASD-9.26 | B53: NAU6 | C53: 46283 | D53: =MID(A53,1,SEARCH("-",A53,1)-1) -> NASD | E53: MNQ | F53: ="RUS:"&MID(B53,1,LEN(B53)-1)&"20"&RIGHT(A53,2)&"-"&INDEX(X:X, MATCH(J53,Q:Q,0))&":"&IF(N53="", MID(J53,1,LEN(J53)-2), N53&MID(J53,LEN(J53)-2,1))&"20"&RIGHT(J53,2) -> RUS:NAU2026-CME_MINI:MNQU2026 | G53: =MIN(C53,K53) -> 46283 | H53: =A53 -> NASD-9.26 | I53: ="QR_"&IF(N53="", MID(J53,1,LEN(J53)-2)&RIGHT(J53),N53&MID(J53,LEN(J53)-2,1)&RIGHT(J53)) -> QR_MNQU6 | J53: {=INDEX(Q:Q,MATCH(1, (W:W=E53)*(V:V>=C53-L53)*(V:V<=C53+L53), 0))} -> MNQU26 | K53: =INDEX(V:V, MATCH(J53,Q:Q,0)) -> 46283 | L53: 18 | M53: =K53-C53 -> 0 | Q53: NGM30 | R53: 43068 | S53: 47632 | T53: 47632 | U53: --- | V53: =MIN(S53:U53) -> 47632 | W53: =MID(Q53,1,LEN(Q53)-3) -> NG | X53: =IFERROR(INDEX(AD:AD, MATCH(W53,AC:AC,0)),"---") -> NYMEX
A54: NASD-12.26 | B54: NAZ6 | C54: 46374 | D54: =MID(A54,1,SEARCH("-",A54,1)-1) -> NASD | E54: MNQ | F54: ="RUS:"&MID(B54,1,LEN(B54)-1)&"20"&RIGHT(A54,2)&"-"&INDEX(X:X, MATCH(J54,Q:Q,0))&":"&IF(N54="", MID(J54,1,LEN(J54)-2), N54&MID(J54,LEN(J54)-2,1))&"20"&RIGHT(J54,2) -> RUS:NAZ2026-CME_MINI:MNQZ2026 | G54: =MIN(C54,K54) -> 46374 | H54: =A54 -> NASD-12.26 | I54: ="QR_"&IF(N54="", MID(J54,1,LEN(J54)-2)&RIGHT(J54),N54&MID(J54,LEN(J54)-2,1)&RIGHT(J54)) -> QR_MNQZ6 | J54: {=INDEX(Q:Q,MATCH(1, (W:W=E54)*(V:V>=C54-L54)*(V:V<=C54+L54), 0))} -> MNQZ26 | K54: =INDEX(V:V, MATCH(J54,Q:Q,0)) -> 46374 | L54: 19 | M54: =K54-C54 -> 0 | Q54: NGN30 | R54: 43068 | S54: 47660 | T54: 47660 | U54: --- | V54: =MIN(S54:U54) -> 47660 | W54: =MID(Q54,1,LEN(Q54)-3) -> NG | X54: =IFERROR(INDEX(AD:AD, MATCH(W54,AC:AC,0)),"---") -> NYMEX
A55: SPYF-3.26 | B55: SFH6 | C55: 46101 | D55: =MID(A55,1,SEARCH("-",A55,1)-1) -> SPYF | E55: MES | F55: ="RUS:"&MID(B55,1,LEN(B55)-1)&"20"&RIGHT(A55,2)&"-"&INDEX(X:X, MATCH(J55,Q:Q,0))&":"&IF(N55="", MID(J55,1,LEN(J55)-2), N55&MID(J55,LEN(J55)-2,1))&"20"&RIGHT(J55,2) -> RUS:SFH2026-CME_MINI:MESH2026 | G55: =MIN(C55,K55) -> 46101 | H55: =A55 -> SPYF-3.26 | I55: ="QR_"&IF(N55="", MID(J55,1,LEN(J55)-2)&RIGHT(J55),N55&MID(J55,LEN(J55)-2,1)&RIGHT(J55)) -> QR_MESH6 | J55: {=INDEX(Q:Q,MATCH(1, (W:W=E55)*(V:V>=C55-L55)*(V:V<=C55+L55), 0))} -> MESH26 | K55: =INDEX(V:V, MATCH(J55,Q:Q,0)) -> 46101 | L55: 20 | M55: =K55-C55 -> 0 | Q55: NGQ30 | R55: 43068 | S55: 47693 | T55: 47693 | U55: --- | V55: =MIN(S55:U55) -> 47693 | W55: =MID(Q55,1,LEN(Q55)-3) -> NG | X55: =IFERROR(INDEX(AD:AD, MATCH(W55,AC:AC,0)),"---") -> NYMEX
A56: SPYF-6.26 | B56: SFM6 | C56: 46192 | D56: =MID(A56,1,SEARCH("-",A56,1)-1) -> SPYF | E56: MES | F56: ="RUS:"&MID(B56,1,LEN(B56)-1)&"20"&RIGHT(A56,2)&"-"&INDEX(X:X, MATCH(J56,Q:Q,0))&":"&IF(N56="", MID(J56,1,LEN(J56)-2), N56&MID(J56,LEN(J56)-2,1))&"20"&RIGHT(J56,2) -> RUS:SFM2026-CME_MINI:MESM2026 | G56: =MIN(C56,K56) -> 46191 | H56: =A56 -> SPYF-6.26 | I56: ="QR_"&IF(N56="", MID(J56,1,LEN(J56)-2)&RIGHT(J56),N56&MID(J56,LEN(J56)-2,1)&RIGHT(J56)) -> QR_MESM6 | J56: {=INDEX(Q:Q,MATCH(1, (W:W=E56)*(V:V>=C56-L56)*(V:V<=C56+L56), 0))} -> MESM26 | K56: =INDEX(V:V, MATCH(J56,Q:Q,0)) -> 46191 | L56: 21 | M56: =K56-C56 -> -1 | Q56: NGU30 | R56: 43068 | S56: 47723 | T56: 47723 | U56: --- | V56: =MIN(S56:U56) -> 47723 | W56: =MID(Q56,1,LEN(Q56)-3) -> NG | X56: =IFERROR(INDEX(AD:AD, MATCH(W56,AC:AC,0)),"---") -> NYMEX
A57: SPYF-9.26 | B57: SFU6 | C57: 46283 | D57: =MID(A57,1,SEARCH("-",A57,1)-1) -> SPYF | E57: MES | F57: ="RUS:"&MID(B57,1,LEN(B57)-1)&"20"&RIGHT(A57,2)&"-"&INDEX(X:X, MATCH(J57,Q:Q,0))&":"&IF(N57="", MID(J57,1,LEN(J57)-2), N57&MID(J57,LEN(J57)-2,1))&"20"&RIGHT(J57,2) -> RUS:SFU2026-CME_MINI:MESU2026 | G57: =MIN(C57,K57) -> 46283 | H57: =A57 -> SPYF-9.26 | I57: ="QR_"&IF(N57="", MID(J57,1,LEN(J57)-2)&RIGHT(J57),N57&MID(J57,LEN(J57)-2,1)&RIGHT(J57)) -> QR_MESU6 | J57: {=INDEX(Q:Q,MATCH(1, (W:W=E57)*(V:V>=C57-L57)*(V:V<=C57+L57), 0))} -> MESU26 | K57: =INDEX(V:V, MATCH(J57,Q:Q,0)) -> 46283 | L57: 22 | M57: =K57-C57 -> 0 | Q57: NGV30 | R57: 43068 | S57: 47752 | T57: 47752 | U57: --- | V57: =MIN(S57:U57) -> 47752 | W57: =MID(Q57,1,LEN(Q57)-3) -> NG | X57: =IFERROR(INDEX(AD:AD, MATCH(W57,AC:AC,0)),"---") -> NYMEX
A58: SPYF-12.26 | B58: SFZ6 | C58: 46374 | D58: =MID(A58,1,SEARCH("-",A58,1)-1) -> SPYF | E58: MES | F58: ="RUS:"&MID(B58,1,LEN(B58)-1)&"20"&RIGHT(A58,2)&"-"&INDEX(X:X, MATCH(J58,Q:Q,0))&":"&IF(N58="", MID(J58,1,LEN(J58)-2), N58&MID(J58,LEN(J58)-2,1))&"20"&RIGHT(J58,2) -> RUS:SFZ2026-CME_MINI:MESZ2026 | G58: =MIN(C58,K58) -> 46374 | H58: =A58 -> SPYF-12.26 | I58: ="QR_"&IF(N58="", MID(J58,1,LEN(J58)-2)&RIGHT(J58),N58&MID(J58,LEN(J58)-2,1)&RIGHT(J58)) -> QR_MESZ6 | J58: {=INDEX(Q:Q,MATCH(1, (W:W=E58)*(V:V>=C58-L58)*(V:V<=C58+L58), 0))} -> MESZ26 | K58: =INDEX(V:V, MATCH(J58,Q:Q,0)) -> 46374 | L58: 23 | M58: =K58-C58 -> 0 | Q58: NGX30 | R58: 43068 | S58: 47785 | T58: 47785 | U58: --- | V58: =MIN(S58:U58) -> 47785 | W58: =MID(Q58,1,LEN(Q58)-3) -> NG | X58: =IFERROR(INDEX(AD:AD, MATCH(W58,AC:AC,0)),"---") -> NYMEX
Q59: NGZ30 | R59: 43068 | S59: 47813 | T59: 47813 | U59: --- | V59: =MIN(S59:U59) -> 47813 | W59: =MID(Q59,1,LEN(Q59)-3) -> NG | X59: =IFERROR(INDEX(AD:AD, MATCH(W59,AC:AC,0)),"---") -> NYMEX
Q60: NGF31 | R60: 43433 | S60: 47844 | T60: 47844 | U60: --- | V60: =MIN(S60:U60) -> 47844 | W60: =MID(Q60,1,LEN(Q60)-3) -> NG | X60: =IFERROR(INDEX(AD:AD, MATCH(W60,AC:AC,0)),"---") -> NYMEX
Q61: NGG31 | R61: 43433 | S61: 47877 | T61: 47877 | U61: --- | V61: =MIN(S61:U61) -> 47877 | W61: =MID(Q61,1,LEN(Q61)-3) -> NG | X61: =IFERROR(INDEX(AD:AD, MATCH(W61,AC:AC,0)),"---") -> NYMEX
Q62: NGH31 | R62: 43433 | S62: 47905 | T62: 47905 | U62: --- | V62: =MIN(S62:U62) -> 47905 | W62: =MID(Q62,1,LEN(Q62)-3) -> NG | X62: =IFERROR(INDEX(AD:AD, MATCH(W62,AC:AC,0)),"---") -> NYMEX
Q63: NGJ31 | R63: 43433 | S63: 47934 | T63: 47934 | U63: --- | V63: =MIN(S63:U63) -> 47934 | W63: =MID(Q63,1,LEN(Q63)-3) -> NG | X63: =IFERROR(INDEX(AD:AD, MATCH(W63,AC:AC,0)),"---") -> NYMEX
Q64: NGK31 | R64: 43433 | S64: 47966 | T64: 47966 | U64: --- | V64: =MIN(S64:U64) -> 47966 | W64: =MID(Q64,1,LEN(Q64)-3) -> NG | X64: =IFERROR(INDEX(AD:AD, MATCH(W64,AC:AC,0)),"---") -> NYMEX
Q65: NGM31 | R65: 43433 | S65: 47996 | T65: 47996 | U65: --- | V65: =MIN(S65:U65) -> 47996 | W65: =MID(Q65,1,LEN(Q65)-3) -> NG | X65: =IFERROR(INDEX(AD:AD, MATCH(W65,AC:AC,0)),"---") -> NYMEX
Q66: NGN31 | R66: 43433 | S66: 48025 | T66: 48025 | U66: --- | V66: =MIN(S66:U66) -> 48025 | W66: =MID(Q66,1,LEN(Q66)-3) -> NG | X66: =IFERROR(INDEX(AD:AD, MATCH(W66,AC:AC,0)),"---") -> NYMEX
Q67: NGQ31 | R67: 43433 | S67: 48058 | T67: 48058 | U67: --- | V67: =MIN(S67:U67) -> 48058 | W67: =MID(Q67,1,LEN(Q67)-3) -> NG | X67: =IFERROR(INDEX(AD:AD, MATCH(W67,AC:AC,0)),"---") -> NYMEX
Q68: NGU31 | R68: 43433 | S68: 48087 | T68: 48087 | U68: --- | V68: =MIN(S68:U68) -> 48087 | W68: =MID(Q68,1,LEN(Q68)-3) -> NG | X68: =IFERROR(INDEX(AD:AD, MATCH(W68,AC:AC,0)),"---") -> NYMEX
Q69: NGV31 | R69: 43433 | S69: 48117 | T69: 48117 | U69: --- | V69: =MIN(S69:U69) -> 48117 | W69: =MID(Q69,1,LEN(Q69)-3) -> NG | X69: =IFERROR(INDEX(AD:AD, MATCH(W69,AC:AC,0)),"---") -> NYMEX
Q70: NGX31 | R70: 43433 | S70: 48150 | T70: 48150 | U70: --- | V70: =MIN(S70:U70) -> 48150 | W70: =MID(Q70,1,LEN(Q70)-3) -> NG | X70: =IFERROR(INDEX(AD:AD, MATCH(W70,AC:AC,0)),"---") -> NYMEX
... Q251: BZH34 | R251: 45964 | S251: 48975 | T251: 48976 | U251: --- | V251: =MIN(S251:U251) -> 48975 | W251: =MID(Q251,1,LEN(Q251)-3) -> BZ | X251: =IFERROR(INDEX(AD:AD, MATCH(W251,AC:AC,0)),"---") -> NYMEX
Q252: Product Code | R252: First Trade | S252: Last Trade | T252: Settlement | U252: First Notice | V252: =MIN(S252:U252) -> 0 | W252: =MID(Q252,1,LEN(Q252)-3) -> Product C | X252: =IFERROR(INDEX(AD:AD, MATCH(W252,AC:AC,0)),"---") -> ---
Q253: GCH26 | R253: 45698 | S253: 46108 | T253: 46108 | U253: 46080 | V253: =MIN(S253:U253) -> 46080 | W253: =MID(Q253,1,LEN(Q253)-3) -> GC | X253: =IFERROR(INDEX(AD:AD, MATCH(W253,AC:AC,0)),"---") -> COMEX
Q254: GCJ26 | R254: 45443 | S254: 46140 | T254: 46140 | U254: 46112 | V254: =MIN(S254:U254) -> 46112 | W254: =MID(Q254,1,LEN(Q254)-3) -> GC | X254: =IFERROR(INDEX(AD:AD, MATCH(W254,AC:AC,0)),"---") -> COMEX
Q255: GCK26 | R255: 45698 | S255: 46169 | T255: 46169 | U255: 46142 | V255: =MIN(S255:U255) -> 46142 | W255: =MID(Q255,1,LEN(Q255)-3) -> GC | X255: =IFERROR(INDEX(AD:AD, MATCH(W255,AC:AC,0)),"---") -> COMEX
Q256: GCM26 | R256: 44012 | S256: 46199 | T256: 46199 | U256: 46171 | V256: =MIN(S256:U256) -> 46171 | W256: =MID(Q256,1,LEN(Q256)-3) -> GC | X256: =IFERROR(INDEX(AD:AD, MATCH(W256,AC:AC,0)),"---") -> COMEX
Q257: GCN26 | R257: 45698 | S257: 46232 | T257: 46232 | U257: 46203 | V257: =MIN(S257:U257) -> 46203 | W257: =MID(Q257,1,LEN(Q257)-3) -> GC | X257: =IFERROR(INDEX(AD:AD, MATCH(W257,AC:AC,0)),"---") -> COMEX
Q258: GCQ26 | R258: 45565 | S258: 46261 | T258: 46261 | U258: 46234 | V258: =MIN(S258:U258) -> 46234 | W258: =MID(Q258,1,LEN(Q258)-3) -> GC | X258: =IFERROR(INDEX(AD:AD, MATCH(W258,AC:AC,0)),"---") -> COMEX
Q259: GCU26 | R259: 45698 | S259: 46293 | T259: 46293 | U259: 46265 | V259: =MIN(S259:U259) -> 46265 | W259: =MID(Q259,1,LEN(Q259)-3) -> GC | X259: =IFERROR(INDEX(AD:AD, MATCH(W259,AC:AC,0)),"---") -> COMEX
Q260: GCV26 | R260: 45625 | S260: 46323 | T260: 46323 | U260: 46295 | V260: =MIN(S260:U260) -> 46295 | W260: =MID(Q260,1,LEN(Q260)-3) -> GC | X260: =IFERROR(INDEX(AD:AD, MATCH(W260,AC:AC,0)),"---") -> COMEX
Q261: GCX26 | R261: 45698 | S261: 46351 | T261: 46351 | U261: 46325 | V261: =MIN(S261:U261) -> 46325 | W261: =MID(Q261,1,LEN(Q261)-3) -> GC | X261: =IFERROR(INDEX(AD:AD, MATCH(W261,AC:AC,0)),"---") -> COMEX
Q262: GCZ26 | R262: 44196 | S262: 46385 | T262: 46385 | U262: 46356 | V262: =MIN(S262:U262) -> 46356 | W262: =MID(Q262,1,LEN(Q262)-3) -> GC | X262: =IFERROR(INDEX(AD:AD, MATCH(W262,AC:AC,0)),"---") -> COMEX
Q263: GCF27 | R263: 45698 | S263: 46414 | T263: 46414 | U263: 46387 | V263: =MIN(S263:U263) -> 46387 | W263: =MID(Q263,1,LEN(Q263)-3) -> GC | X263: =IFERROR(INDEX(AD:AD, MATCH(W263,AC:AC,0)),"---") -> COMEX
Q264: GCG27 | R264: 45716 | S264: 46442 | T264: 46442 | U264: 46416 | V264: =MIN(S264:U264) -> 46416 | W264: =MID(Q264,1,LEN(Q264)-3) -> GC | X264: =IFERROR(INDEX(AD:AD, MATCH(W264,AC:AC,0)),"---") -> COMEX
... Q287: GCZ31 | R287: 45992 | S287: 48211 | T287: 48211 | U287: 48180 | V287: =MIN(S287:U287) -> 48180 | W287: =MID(Q287,1,LEN(Q287)-3) -> GC | X287: =IFERROR(INDEX(AD:AD, MATCH(W287,AC:AC,0)),"---") -> COMEX
Q288: Product Code | R288: First Trade | S288: Last Trade | T288: Settlement | U288: First Notice | V288: =MIN(S288:U288) -> 0 | W288: =MID(Q288,1,LEN(Q288)-3) -> Product C | X288: =IFERROR(INDEX(AD:AD, MATCH(W288,AC:AC,0)),"---") -> ---
Q289: MGCJ26 | R289: 45443 | S289: 46140 | T289: 46140 | U289: 46112 | V289: =MIN(S289:U289) -> 46112 | W289: =MID(Q289,1,LEN(Q289)-3) -> MGC | X289: =IFERROR(INDEX(AD:AD, MATCH(W289,AC:AC,0)),"---") -> COMEX_MINI
Q290: MGCM26 | R290: 45471 | S290: 46199 | T290: 46199 | U290: 46171 | V290: =MIN(S290:U290) -> 46171 | W290: =MID(Q290,1,LEN(Q290)-3) -> MGC | X290: =IFERROR(INDEX(AD:AD, MATCH(W290,AC:AC,0)),"---") -> COMEX_MINI
Q291: MGCQ26 | R291: 45565 | S291: 46261 | T291: 46261 | U291: 46234 | V291: =MIN(S291:U291) -> 46234 | W291: =MID(Q291,1,LEN(Q291)-3) -> MGC | X291: =IFERROR(INDEX(AD:AD, MATCH(W291,AC:AC,0)),"---") -> COMEX_MINI
Q292: MGCV26 | R292: 45625 | S292: 46323 | T292: 46323 | U292: 46295 | V292: =MIN(S292:U292) -> 46295 | W292: =MID(Q292,1,LEN(Q292)-3) -> MGC | X292: =IFERROR(INDEX(AD:AD, MATCH(W292,AC:AC,0)),"---") -> COMEX_MINI
Q293: MGCZ26 | R293: 45657 | S293: 46385 | T293: 46385 | U293: 46356 | V293: =MIN(S293:U293) -> 46356 | W293: =MID(Q293,1,LEN(Q293)-3) -> MGC | X293: =IFERROR(INDEX(AD:AD, MATCH(W293,AC:AC,0)),"---") -> COMEX_MINI
Q294: MGCG27 | R294: 45747 | S294: 46442 | T294: 46442 | U294: 46416 | V294: =MIN(S294:U294) -> 46416 | W294: =MID(Q294,1,LEN(Q294)-3) -> MGC | X294: =IFERROR(INDEX(AD:AD, MATCH(W294,AC:AC,0)),"---") -> COMEX_MINI
Q295: MGCJ27 | R295: 45807 | S295: 46505 | T295: 46505 | U295: 46477 | V295: =MIN(S295:U295) -> 46477 | W295: =MID(Q295,1,LEN(Q295)-3) -> MGC | X295: =IFERROR(INDEX(AD:AD, MATCH(W295,AC:AC,0)),"---") -> COMEX_MINI
Q296: MGCM27 | R296: 45838 | S296: 46566 | T296: 46566 | U296: 46535 | V296: =MIN(S296:U296) -> 46535 | W296: =MID(Q296,1,LEN(Q296)-3) -> MGC | X296: =IFERROR(INDEX(AD:AD, MATCH(W296,AC:AC,0)),"---") -> COMEX_MINI
Q297: MGCQ27 | R297: 45930 | S297: 46626 | T297: 46626 | U297: 46598 | V297: =MIN(S297:U297) -> 46598 | W297: =MID(Q297,1,LEN(Q297)-3) -> MGC | X297: =IFERROR(INDEX(AD:AD, MATCH(W297,AC:AC,0)),"---") -> COMEX_MINI
Q298: MGCV27 | R298: 45989 | S298: 46687 | T298: 46687 | U298: 46660 | V298: =MIN(S298:U298) -> 46660 | W298: =MID(Q298,1,LEN(Q298)-3) -> MGC | X298: =IFERROR(INDEX(AD:AD, MATCH(W298,AC:AC,0)),"---") -> COMEX_MINI
Q299: MGCZ27 | R299: 46022 | S299: 46750 | T299: 46750 | U299: 46721 | V299: =MIN(S299:U299) -> 46721 | W299: =MID(Q299,1,LEN(Q299)-3) -> MGC | X299: =IFERROR(INDEX(AD:AD, MATCH(W299,AC:AC,0)),"---") -> COMEX_MINI
Q300: MGCG28 | R300: 46112 | S300: 46808 | T300: 46808 | U300: 46783 | V300: =MIN(S300:U300) -> 46783 | W300: =MID(Q300,1,LEN(Q300)-3) -> MGC | X300: =IFERROR(INDEX(AD:AD, MATCH(W300,AC:AC,0)),"---") -> COMEX_MINI
Q301: Product Code | R301: First Trade | S301: Last Trade | T301: Settlement | U301: First Notice | V301: =MIN(S301:U301) -> 0 | W301: =MID(Q301,1,LEN(Q301)-3) -> Product C | X301: =IFERROR(INDEX(AD:AD, MATCH(W301,AC:AC,0)),"---") -> ---
Q302: SIH26 | R302: 45412 | S302: 46108 | T302: 46108 | U302: 46080 | V302: =MIN(S302:U302) -> 46080 | W302: =MID(Q302,1,LEN(Q302)-3) -> SI | X302: =IFERROR(INDEX(AD:AD, MATCH(W302,AC:AC,0)),"---") -> COMEX
Q303: SIJ26 | R303: 45698 | S303: 46140 | T303: 46140 | U303: 46112 | V303: =MIN(S303:U303) -> 46112 | W303: =MID(Q303,1,LEN(Q303)-3) -> SI | X303: =IFERROR(INDEX(AD:AD, MATCH(W303,AC:AC,0)),"---") -> COMEX
Q304: SIK26 | R304: 45471 | S304: 46169 | T304: 46169 | U304: 46142 | V304: =MIN(S304:U304) -> 46142 | W304: =MID(Q304,1,LEN(Q304)-3) -> SI | X304: =IFERROR(INDEX(AD:AD, MATCH(W304,AC:AC,0)),"---") -> COMEX
Q305: SIM26 | R305: 45698 | S305: 46199 | T305: 46199 | U305: 46171 | V305: =MIN(S305:U305) -> 46171 | W305: =MID(Q305,1,LEN(Q305)-3) -> SI | X305: =IFERROR(INDEX(AD:AD, MATCH(W305,AC:AC,0)),"---") -> COMEX
Q306: SIN26 | R306: 44407 | S306: 46232 | T306: 46232 | U306: 46203 | V306: =MIN(S306:U306) -> 46203 | W306: =MID(Q306,1,LEN(Q306)-3) -> SI | X306: =IFERROR(INDEX(AD:AD, MATCH(W306,AC:AC,0)),"---") -> COMEX
Q307: SIQ26 | R307: 45698 | S307: 46261 | T307: 46261 | U307: 46234 | V307: =MIN(S307:U307) -> 46234 | W307: =MID(Q307,1,LEN(Q307)-3) -> SI | X307: =IFERROR(INDEX(AD:AD, MATCH(W307,AC:AC,0)),"---") -> COMEX
Q308: SIU26 | R308: 45596 | S308: 46293 | T308: 46293 | U308: 46265 | V308: =MIN(S308:U308) -> 46265 | W308: =MID(Q308,1,LEN(Q308)-3) -> SI | X308: =IFERROR(INDEX(AD:AD, MATCH(W308,AC:AC,0)),"---") -> COMEX
Q309: SIV26 | R309: 45698 | S309: 46323 | T309: 46323 | U309: 46295 | V309: =MIN(S309:U309) -> 46295 | W309: =MID(Q309,1,LEN(Q309)-3) -> SI | X309: =IFERROR(INDEX(AD:AD, MATCH(W309,AC:AC,0)),"---") -> COMEX
Q310: SIX26 | R310: 45698 | S310: 46351 | T310: 46351 | U310: 46325 | V310: =MIN(S310:U310) -> 46325 | W310: =MID(Q310,1,LEN(Q310)-3) -> SI | X310: =IFERROR(INDEX(AD:AD, MATCH(W310,AC:AC,0)),"---") -> COMEX
Q311: SIZ26 | R311: 44561 | S311: 46385 | T311: 46385 | U311: 46356 | V311: =MIN(S311:U311) -> 46356 | W311: =MID(Q311,1,LEN(Q311)-3) -> SI | X311: =IFERROR(INDEX(AD:AD, MATCH(W311,AC:AC,0)),"---") -> COMEX
...

Sheet AComb
A1: Instrument 1 | B1: Exp 1 | C1: Instrument 2 | D1: Exp 2 | E1: Final Exp | F1: Symbol Search
A2: BR-4.26 / BZ | B2: 46113 | C2: BZK26 | D2: 46112
A3: BR-5.26 / BZ | B3: 46146 | C3: BZM26 | D3: 46142
A4: BR-6.26 / BZ | B4: 46174 | C4: BZN26 | D4: 46171
A5: BR-7.26 / BZ | B5: 46204 | C5: BZQ26 | D5: 46203
A6: BR-8.26 / BZ | B6: 46237 | C6: BZU26 | D6: 46234
A7: BR-9.26 / BZ | B7: 46265 | C7: BZV26 | D7: 46262
A8: BR-10.26 / BZ | B8: 46296 | C8: BZX26 | D8: 46295
A9: BTC-3.26 / MBT | B9: 46108 | C9: MBTH26 | D9: 46108
A10: BTC-4.26 / MBT | B10: 46136 | C10: MBTJ26 | D10: 46136
A11: BTC-5.26 / MBT | B11: 46171 | C11: MBTK26 | D11: 46171
A12: ED-3.26 / EC | B12: 46100 | C12: ECH26 | D12: 46097
A13: ED-6.26 / EC | B13: 46191 | C13: ECH26 | D13: 46097
C14: ECJ26 | D14: 46125
C15: ECK26 | D15: 46160
C16: ECM26 | D16: 46188
A17: ED-9.26 / EC | B17: 46282 | C17: ECM26 | D17: 46188
C18: ECN26 | D18: 46216
C19: ECQ26 | D19: 46251
C20: ECU26 | D20: 46279
A21: ED-12.26 / EC | B21: 46373 | C21: ECU26 | D21: 46279
C22: ECZ26 | D22: 46370
A23: GOLD-3.26 / GC | B23: 46101 | C23: --- | D23: ---
A24: GOLD-6.26 / GC | B24: 46192 | C24: GCJ26 | D24: 46112
C25: GCK26 | D25: 46142
C26: GCM26 | D26: 46171
A27: GOLD-9.26 / GC | B27: 46283 | C27: GCN26 | D27: 46203
C28: GCQ26 | D28: 46234
C29: GCU26 | D29: 46265
A30: GOLD-12.26 / GC | B30: 46374 | C30: GCV26 | D30: 46295
C31: GCX26 | D31: 46325
C32: GCZ26 | D32: 46356
A33: NG-3.26 / NG | B33: 46108 | C33: NGJ26 | D33: 46108
A34: NG-4.26 / NG | B34: 46140 | C34: NGK26 | D34: 46140
A35: NG-5.26 / NG | B35: 46169 | C35: NGM26 | D35: 46169
A36: NG-6.26 / NG | B36: 46199 | C36: NGN26 | D36: 46199
A37: NG-7.26 / NG | B37: 46232 | C37: NGQ26 | D37: 46232
A38: NG-8.26 / NG | B38: 46261 | C38: NGU26 | D38: 46261
A39: NG-9.26 / NG | B39: 46293 | C39: NGV26 | D39: 46293
A40: PLD-3.26 / PA | B40: 46101 | C40: --- | D40: ---
A41: PLD-6.26 / PA | B41: 46192 | C41: PAJ26 | D41: 46112
C42: PAK26 | D42: 46142
C43: PAM26 | D43: 46171
A44: PLD-9.26 / PA | B44: 46283 | C44: PAU26 | D44: 46265
A45: PLD-12.26 / PA | B45: 46374 | C45: PAZ26 | D45: 46356
A46: PLT-3.26 / PL | B46: 46101 | C46: --- | D46: ---
A47: PLT-6.26 / PL | B47: 46192 | C47: PLJ26 | D47: 46112
C48: PLK26 | D48: 46142
C49: PLM26 | D49: 46171
A50: PLT-9.26 / PL | B50: 46283 | C50: PLN26 | D50: 46203
A51: PLT-12.26 / PL | B51: 46374 | C51: PLV26 | D51: 46295
A52: SILV-3.26 / SI | B52: 46101 | C52: --- | D52: ---
A53: SILV-6.26 / SI | B53: 46192 | C53: SIJ26 | D53: 46112
C54: SIK26 | D54: 46142
C55: SIM26 | D55: 46171
A56: SILV-9.26 / SI | B56: 46283 | C56: SIN26 | D56: 46203
C57: SIQ26 | D57: 46234
C58: SIU26 | D58: 46265
A59: SILV-12.26 / SI | B59: 46374 | C59: SIV26 | D59: 46295
C60: SIX26 | D60: 46325
C61: SIZ26 | D61: 46356
A62: GOLD-3.26 / MGC | B62: 46101 | C62: --- | D62: ---
A63: GOLD-6.26 / MGC | B63: 46192 | C63: MGCJ26 | D63: 46112
C64: MGCM26 | D64: 46171
A65: GOLD-9.26 / MGC | B65: 46283 | C65: MGCQ26 | D65: 46234
A66: GOLD-12.26 / MGC | B66: 46374 | C66: MGCV26 | D66: 46295
C67: MGCZ26 | D67: 46356
A68: SILV-3.26 / SIL | B68: 46101 | C68: --- | D68: ---
A69: SILV-6.26 / SIL | B69: 46192 | C69: SILJ26 | D69: 46112
C70: SILK26 | D70: 46142
C71: SILM26 | D71: 46171
A72: SILV-9.26 / SIL | B72: 46283 | C72: SILN26 | D72: 46203
C73: SILU26 | D73: 46265
A74: UCNY-3.26 / CNH | B74: 46100 | C74: CNHH26 | D74: 46097
A75: UCNY-6.26 / CNH | B75: 46191 | C75: CNHH26 | D75: 46097
C76: CNHM26 | D76: 46188
A77: UCNY-9.26 / CNH | B77: 46282 | C77: CNHM26 | D77: 46188
C78: CNHU26 | D78: 46279
A79: UCNY-12.26 / CNH | B79: 46373 | C79: CNHU26 | D79: 46279
C80: CNHZ26 | D80: 46370
A81: NASD-3.26 / MNQ | B81: 46101 | C81: MNQH26 | D81: 46101
A82: NASD-6.26 / MNQ | B82: 46192 | C82: MNQH26 | D82: 46101
C83: MNQM26 | D83: 46191
A84: NASD-9.26 / MNQ | B84: 46283 | C84: MNQM26 | D84: 46191
C85: MNQU26 | D85: 46283
A86: NASD-12.26 / MNQ | B86: 46374 | C86: MNQU26 | D86: 46283
C87: MNQZ26 | D87: 46374
A88: SPYF-3.26 / MES | B88: 46101 | C88: MESH26 | D88: 46101
A89: SPYF-6.26 / MES | B89: 46192 | C89: MESH26 | D89: 46101
C90: MESM26 | D90: 46191
A91: SPYF-9.26 / MES | B91: 46283 | C91: MESM26 | D91: 46191
C92: MESU26 | D92: 46283
A93: SPYF-12.26 / MES | B93: 46374 | C93: MESU26 | D93: 46283
C94: MESZ26 | D94: 46374

Sheet Backup
A2: Инструмент 1 | B2: Код инструмента 1 | C2: Погашение 1 | D2: Underl MOEX | E2: Underl CME | F2: Spread for TView | G2: Final Date of Spread | H2: Robot 1 leg | I2: Robot 2 leg | J2: Инструмент 2 | K2: Exp Date 2 | L2: Date corr | M2: Date Diff | P2: Product Code | Q2: First Trade | R2: Last Trade | S2: Settlement | T2: FND | U2: Final Date | V2: Underl CME | W2: Exch | Y2: constructor own | AB2: Underl2 | AC2: Exch
A3: BR-4.26 | B3: BRJ6 | C3: 46113 | D3: =MID(A3,1,SEARCH("-",A3,1)-1) -> BR | E3: BZ | F3: ="RUS:"&MID(B3,1,LEN(B3)-1)&"20"&RIGHT(A3,2)&"-"&INDEX(W:W, MATCH(J3,P:P,0))&":"&MID(J3,1,LEN(J3)-2)&"20"&RIGHT(J3,2) -> RUS:BRJ2026-NYMEX:BZK2026 | G3: =MIN(C3,K3) -> 46112 | H3: =A3 -> BR-4.26 | I3: =J3 -> BZK26 | J3: {=INDEX(P:P,MATCH(1, (V:V=E3)*(U:U>=C3-L3)*(U:U<=C3+L3), 0))} -> BZK26 | K3: =INDEX(U:U, MATCH(J3,P:P,0)) -> 46112 | L3: 10 | M3: =K3-C3 -> -1 | P3: NGJ26 | Q3: 41605 | R3: 46108 | S3: 46108 | T3: --- | U3: =MIN(R3:T3) -> 46108 | V3: =MID(P3,1,LEN(P3)-3) -> NG | W3: =IFERROR(INDEX(AC:AC, MATCH(V3,AB:AB,0)),"---") -> NYMEX | AB3: BZ | AC3: NYMEX
A4: BR-5.26 | B4: BRK6 | C4: 46146 | D4: =MID(A4,1,SEARCH("-",A4,1)-1) -> BR | E4: BZ | F4: ="RUS:"&MID(B4,1,LEN(B4)-1)&"20"&RIGHT(A4,2)&"-"&INDEX(W:W, MATCH(J4,P:P,0))&":"&MID(J4,1,LEN(J4)-2)&"20"&RIGHT(J4,2) -> RUS:BRK2026-NYMEX:BZM2026 | G4: =MIN(C4,K4) -> 46142 | H4: =A4 -> BR-5.26 | I4: =J4 -> BZM26 | J4: {=INDEX(P:P,MATCH(1, (V:V=E4)*(U:U>=C4-L4)*(U:U<=C4+L4), 0))} -> BZM26 | K4: =INDEX(U:U, MATCH(J4,P:P,0)) -> 46142 | L4: 10 | M4: =K4-C4 -> -4 | P4: NGK26 | Q4: 41605 | R4: 46140 | S4: 46140 | T4: --- | U4: =MIN(R4:T4) -> 46140 | V4: =MID(P4,1,LEN(P4)-3) -> NG | W4: =IFERROR(INDEX(AC:AC, MATCH(V4,AB:AB,0)),"---") -> NYMEX | Y4: consrt robot | AB4: MBT | AC4: CME
A5: BR-6.26 | B5: BRM6 | C5: 46174 | D5: =MID(A5,1,SEARCH("-",A5,1)-1) -> BR | E5: BZ | F5: ="RUS:"&MID(B5,1,LEN(B5)-1)&"20"&RIGHT(A5,2)&"-"&INDEX(W:W, MATCH(J5,P:P,0))&":"&MID(J5,1,LEN(J5)-2)&"20"&RIGHT(J5,2) -> RUS:BRM2026-NYMEX:BZN2026 | G5: =MIN(C5,K5) -> 46171 | H5: =A5 -> BR-6.26 | I5: =J5 -> BZN26 | J5: {=INDEX(P:P,MATCH(1, (V:V=E5)*(U:U>=C5-L5)*(U:U<=C5+L5), 0))} -> BZN26 | K5: =INDEX(U:U, MATCH(J5,P:P,0)) -> 46171 | L5: 10 | M5: =K5-C5 -> -3 | P5: NGM26 | Q5: 41605 | R5: 46169 | S5: 46169 | T5: --- | U5: =MIN(R5:T5) -> 46169 | V5: =MID(P5,1,LEN(P5)-3) -> NG | W5: =IFERROR(INDEX(AC:AC, MATCH(V5,AB:AB,0)),"---") -> NYMEX | Y5: constr tview | AB5: EC | AC5: CME
A6: BR-7.26 | B6: BRN6 | C6: 46204 | D6: =MID(A6,1,SEARCH("-",A6,1)-1) -> BR | E6: BZ | F6: ="RUS:"&MID(B6,1,LEN(B6)-1)&"20"&RIGHT(A6,2)&"-"&INDEX(W:W, MATCH(J6,P:P,0))&":"&MID(J6,1,LEN(J6)-2)&"20"&RIGHT(J6,2) -> RUS:BRN2026-NYMEX:BZQ2026 | G6: =MIN(C6,K6) -> 46203 | H6: =A6 -> BR-7.26 | I6: =J6 -> BZQ26 | J6: {=INDEX(P:P,MATCH(1, (V:V=E6)*(U:U>=C6-L6)*(U:U<=C6+L6), 0))} -> BZQ26 | K6: =INDEX(U:U, MATCH(J6,P:P,0)) -> 46203 | L6: 10 | M6: =K6-C6 -> -1 | P6: NGN26 | Q6: 41605 | R6: 46199 | S6: 46199 | T6: --- | U6: =MIN(R6:T6) -> 46199 | V6: =MID(P6,1,LEN(P6)-3) -> NG | W6: =IFERROR(INDEX(AC:AC, MATCH(V6,AB:AB,0)),"---") -> NYMEX | Y6: подписи графиков | AB6: GC | AC6: COMEX
A7: BR-8.26 | B7: BRQ6 | C7: 46237 | D7: =MID(A7,1,SEARCH("-",A7,1)-1) -> BR | E7: BZ | F7: ="RUS:"&MID(B7,1,LEN(B7)-1)&"20"&RIGHT(A7,2)&"-"&INDEX(W:W, MATCH(J7,P:P,0))&":"&MID(J7,1,LEN(J7)-2)&"20"&RIGHT(J7,2) -> RUS:BRQ2026-NYMEX:BZU2026 | G7: =MIN(C7,K7) -> 46234 | H7: =A7 -> BR-8.26 | I7: =J7 -> BZU26 | J7: {=INDEX(P:P,MATCH(1, (V:V=E7)*(U:U>=C7-L7)*(U:U<=C7+L7), 0))} -> BZU26 | K7: =INDEX(U:U, MATCH(J7,P:P,0)) -> 46234 | L7: 10 | M7: =K7-C7 -> -3 | P7: NGQ26 | Q7: 41605 | R7: 46232 | S7: 46232 | T7: --- | U7: =MIN(R7:T7) -> 46232 | V7: =MID(P7,1,LEN(P7)-3) -> NG | W7: =IFERROR(INDEX(AC:AC, MATCH(V7,AB:AB,0)),"---") -> NYMEX | AB7: NG | AC7: NYMEX
A8: BR-9.26 | B8: BRU6 | C8: 46265 | D8: =MID(A8,1,SEARCH("-",A8,1)-1) -> BR | E8: BZ | F8: ="RUS:"&MID(B8,1,LEN(B8)-1)&"20"&RIGHT(A8,2)&"-"&INDEX(W:W, MATCH(J8,P:P,0))&":"&MID(J8,1,LEN(J8)-2)&"20"&RIGHT(J8,2) -> RUS:BRU2026-NYMEX:BZV2026 | G8: =MIN(C8,K8) -> 46262 | H8: =A8 -> BR-9.26 | I8: =J8 -> BZV26 | J8: {=INDEX(P:P,MATCH(1, (V:V=E8)*(U:U>=C8-L8)*(U:U<=C8+L8), 0))} -> BZV26 | K8: =INDEX(U:U, MATCH(J8,P:P,0)) -> 46262 | L8: 10 | M8: =K8-C8 -> -3 | P8: NGU26 | Q8: 41605 | R8: 46261 | S8: 46261 | T8: --- | U8: =MIN(R8:T8) -> 46261 | V8: =MID(P8,1,LEN(P8)-3) -> NG | W8: =IFERROR(INDEX(AC:AC, MATCH(V8,AB:AB,0)),"---") -> NYMEX | Y8: как по дате соотносить | AB8: PA | AC8: NYMEX
A9: BR-10.26 | B9: BRV6 | C9: 46296 | D9: =MID(A9,1,SEARCH("-",A9,1)-1) -> BR | E9: BZ | F9: ="RUS:"&MID(B9,1,LEN(B9)-1)&"20"&RIGHT(A9,2)&"-"&INDEX(W:W, MATCH(J9,P:P,0))&":"&MID(J9,1,LEN(J9)-2)&"20"&RIGHT(J9,2) -> RUS:BRV2026-NYMEX:BZX2026 | G9: =MIN(C9,K9) -> 46295 | H9: =A9 -> BR-10.26 | I9: =J9 -> BZX26 | J9: {=INDEX(P:P,MATCH(1, (V:V=E9)*(U:U>=C9-L9)*(U:U<=C9+L9), 0))} -> BZX26 | K9: =INDEX(U:U, MATCH(J9,P:P,0)) -> 46295 | L9: 10 | M9: =K9-C9 -> -1 | P9: NGV26 | Q9: 41605 | R9: 46293 | S9: 46293 | T9: --- | U9: =MIN(R9:T9) -> 46293 | V9: =MID(P9,1,LEN(P9)-3) -> NG | W9: =IFERROR(INDEX(AC:AC, MATCH(V9,AB:AB,0)),"---") -> NYMEX | AB9: PL | AC9: NYMEX
A10: BTC-3.26 | B10: BTH6 | C10: 46108 | D10: =MID(A10,1,SEARCH("-",A10,1)-1) -> BTC | E10: MBT | F10: ="RUS:"&MID(B10,1,LEN(B10)-1)&"20"&RIGHT(A10,2)&"-"&INDEX(W:W, MATCH(J10,P:P,0))&":"&MID(J10,1,LEN(J10)-2)&"20"&RIGHT(J10,2) -> RUS:BTH2026-CME:MBTH2026 | G10: =MIN(C10,K10) -> 46108 | H10: =A10 -> BTC-3.26 | I10: =J10 -> MBTH26 | J10: {=INDEX(P:P,MATCH(1, (V:V=E10)*(U:U>=C10-L10)*(U:U<=C10+L10), 0))} -> MBTH26 | K10: =INDEX(U:U, MATCH(J10,P:P,0)) -> 46108 | L10: 10 | M10: =K10-C10 -> 0 | P10: NGX26 | Q10: 41605 | R10: 46323 | S10: 46323 | T10: --- | U10: =MIN(R10:T10) -> 46323 | V10: =MID(P10,1,LEN(P10)-3) -> NG | W10: =IFERROR(INDEX(AC:AC, MATCH(V10,AB:AB,0)),"---") -> NYMEX | AB10: SI | AC10: COMEX
A11: BTC-4.26 | B11: BTJ6 | C11: 46136 | D11: =MID(A11,1,SEARCH("-",A11,1)-1) -> BTC | E11: MBT | F11: ="RUS:"&MID(B11,1,LEN(B11)-1)&"20"&RIGHT(A11,2)&"-"&INDEX(W:W, MATCH(J11,P:P,0))&":"&MID(J11,1,LEN(J11)-2)&"20"&RIGHT(J11,2) -> RUS:BTJ2026-CME:MBTJ2026 | G11: =MIN(C11,K11) -> 46136 | H11: =A11 -> BTC-4.26 | I11: =J11 -> MBTJ26 | J11: {=INDEX(P:P,MATCH(1, (V:V=E11)*(U:U>=C11-L11)*(U:U<=C11+L11), 0))} -> MBTJ26 | K11: =INDEX(U:U, MATCH(J11,P:P,0)) -> 46136 | L11: 10 | M11: =K11-C11 -> 0 | P11: NGZ26 | Q11: 41605 | R11: 46351 | S11: 46351 | T11: --- | U11: =MIN(R11:T11) -> 46351 | V11: =MID(P11,1,LEN(P11)-3) -> NG | W11: =IFERROR(INDEX(AC:AC, MATCH(V11,AB:AB,0)),"---") -> NYMEX | Y11: По месяцам подстановка | AB11: MGC | AC11: COMEX_MINI
A12: BTC-5.26 | B12: BTK6 | C12: 46171 | D12: =MID(A12,1,SEARCH("-",A12,1)-1) -> BTC | E12: MBT | F12: ="RUS:"&MID(B12,1,LEN(B12)-1)&"20"&RIGHT(A12,2)&"-"&INDEX(W:W, MATCH(J12,P:P,0))&":"&MID(J12,1,LEN(J12)-2)&"20"&RIGHT(J12,2) -> RUS:BTK2026-CME:MBTK2026 | G12: =MIN(C12,K12) -> 46171 | H12: =A12 -> BTC-5.26 | I12: =J12 -> MBTK26 | J12: {=INDEX(P:P,MATCH(1, (V:V=E12)*(U:U>=C12-L12)*(U:U<=C12+L12), 0))} -> MBTK26 | K12: =INDEX(U:U, MATCH(J12,P:P,0)) -> 46171 | L12: 10 | M12: =K12-C12 -> 0 | P12: NGF27 | Q12: 41969 | R12: 46385 | S12: 46385 | T12: --- | U12: =MIN(R12:T12) -> 46385 | V12: =MID(P12,1,LEN(P12)-3) -> NG | W12: =IFERROR(INDEX(AC:AC, MATCH(V12,AB:AB,0)),"---") -> NYMEX | AB12: SIL | AC12: COMEX_MINI
A13: ED-3.26 | B13: EDH6 | C13: 46100 | D13: =MID(A13,1,SEARCH("-",A13,1)-1) -> ED | E13: EC | F13: ="RUS:"&MID(B13,1,LEN(B13)-1)&"20"&RIGHT(A13,2)&"-"&INDEX(W:W, MATCH(J13,P:P,0))&":"&MID(J13,1,LEN(J13)-2)&"20"&RIGHT(J13,2) -> RUS:EDH2026-CME:ECH2026 | G13: =MIN(C13,K13) -> 46097 | H13: =A13 -> ED-3.26 | I13: =J13 -> ECH26 | J13: {=INDEX(P:P,MATCH(1, (V:V=E13)*(U:U>=C13-L13)*(U:U<=C13+L13), 0))} -> ECH26 | K13: =INDEX(U:U, MATCH(J13,P:P,0)) -> 46097 | L13: 10 | M13: =K13-C13 -> -3 | P13: NGG27 | Q13: 41969 | R13: 46414 | S13: 46414 | T13: --- | U13: =MIN(R13:T13) -> 46414 | V13: =MID(P13,1,LEN(P13)-3) -> NG | W13: =IFERROR(INDEX(AC:AC, MATCH(V13,AB:AB,0)),"---") -> NYMEX | AB13: CNH | AC13: CME
A14: ED-6.26 | B14: EDM6 | C14: 46191 | D14: =MID(A14,1,SEARCH("-",A14,1)-1) -> ED | E14: EC | F14: ="RUS:"&MID(B14,1,LEN(B14)-1)&"20"&RIGHT(A14,2)&"-"&INDEX(W:W, MATCH(J14,P:P,0))&":"&MID(J14,1,LEN(J14)-2)&"20"&RIGHT(J14,2) -> RUS:EDM2026-CME:ECM2026 | G14: =MIN(C14,K14) -> 46188 | H14: =A14 -> ED-6.26 | I14: =J14 -> ECM26 | J14: {=INDEX(P:P,MATCH(1, (V:V=E14)*(U:U>=C14-L14)*(U:U<=C14+L14), 0))} -> ECM26 | K14: =INDEX(U:U, MATCH(J14,P:P,0)) -> 46188 | L14: 10 | M14: =K14-C14 -> -3 | P14: NGH27 | Q14: 41969 | R14: 46442 | S14: 46442 | T14: --- | U14: =MIN(R14:T14) -> 46442 | V14: =MID(P14,1,LEN(P14)-3) -> NG | W14: =IFERROR(INDEX(AC:AC, MATCH(V14,AB:AB,0)),"---") -> NYMEX
A15: ED-9.26 | B15: EDU6 | C15: 46282 | D15: =MID(A15,1,SEARCH("-",A15,1)-1) -> ED | E15: EC | F15: ="RUS:"&MID(B15,1,LEN(B15)-1)&"20"&RIGHT(A15,2)&"-"&INDEX(W:W, MATCH(J15,P:P,0))&":"&MID(J15,1,LEN(J15)-2)&"20"&RIGHT(J15,2) -> RUS:EDU2026-CME:ECU2026 | G15: =MIN(C15,K15) -> 46279 | H15: =A15 -> ED-9.26 | I15: =J15 -> ECU26 | J15: {=INDEX(P:P,MATCH(1, (V:V=E15)*(U:U>=C15-L15)*(U:U<=C15+L15), 0))} -> ECU26 | K15: =INDEX(U:U, MATCH(J15,P:P,0)) -> 46279 | L15: 10 | M15: =K15-C15 -> -3 | P15: NGJ27 | Q15: 41969 | R15: 46475 | S15: 46475 | T15: --- | U15: =MIN(R15:T15) -> 46475 | V15: =MID(P15,1,LEN(P15)-3) -> NG | W15: =IFERROR(INDEX(AC:AC, MATCH(V15,AB:AB,0)),"---") -> NYMEX
A16: ED-12.26 | B16: EDZ6 | C16: 46373 | D16: =MID(A16,1,SEARCH("-",A16,1)-1) -> ED | E16: EC | F16: ="RUS:"&MID(B16,1,LEN(B16)-1)&"20"&RIGHT(A16,2)&"-"&INDEX(W:W, MATCH(J16,P:P,0))&":"&MID(J16,1,LEN(J16)-2)&"20"&RIGHT(J16,2) -> RUS:EDZ2026-CME:ECZ2026 | G16: =MIN(C16,K16) -> 46370 | H16: =A16 -> ED-12.26 | I16: =J16 -> ECZ26 | J16: {=INDEX(P:P,MATCH(1, (V:V=E16)*(U:U>=C16-L16)*(U:U<=C16+L16), 0))} -> ECZ26 | K16: =INDEX(U:U, MATCH(J16,P:P,0)) -> 46370 | L16: 10 | M16: =K16-C16 -> -3 | P16: NGK27 | Q16: 41969 | R16: 46505 | S16: 46505 | T16: --- | U16: =MIN(R16:T16) -> 46505 | V16: =MID(P16,1,LEN(P16)-3) -> NG | W16: =IFERROR(INDEX(AC:AC, MATCH(V16,AB:AB,0)),"---") -> NYMEX
A17: GOLD-3.26 | B17: GDH6 | C17: 46101 | D17: =MID(A17,1,SEARCH("-",A17,1)-1) -> GOLD | E17: GC | F17: ="RUS:"&MID(B17,1,LEN(B17)-1)&"20"&RIGHT(A17,2)&"-"&INDEX(W:W, MATCH(J17,P:P,0))&":"&MID(J17,1,LEN(J17)-2)&"20"&RIGHT(J17,2) -> RUS:GDH2026-COMEX:GCJ2026 | G17: =MIN(C17,K17) -> 46101 | H17: =A17 -> GOLD-3.26 | I17: =J17 -> GCJ26 | J17: {=INDEX(P:P,MATCH(1, (V:V=E17)*(U:U>=C17-L17)*(U:U<=C17+L17), 0))} -> GCJ26 | K17: =INDEX(U:U, MATCH(J17,P:P,0)) -> 46112 | L17: 15 | M17: =K17-C17 -> 11 | P17: NGM27 | Q17: 41969 | R17: 46533 | S17: 46533 | T17: --- | U17: =MIN(R17:T17) -> 46533 | V17: =MID(P17,1,LEN(P17)-3) -> NG | W17: =IFERROR(INDEX(AC:AC, MATCH(V17,AB:AB,0)),"---") -> NYMEX
A18: GOLD-6.26 | B18: GDM6 | C18: 46192 | D18: =MID(A18,1,SEARCH("-",A18,1)-1) -> GOLD | E18: GC | F18: ="RUS:"&MID(B18,1,LEN(B18)-1)&"20"&RIGHT(A18,2)&"-"&INDEX(W:W, MATCH(J18,P:P,0))&":"&MID(J18,1,LEN(J18)-2)&"20"&RIGHT(J18,2) -> RUS:GDM2026-COMEX:GCN2026 | G18: =MIN(C18,K18) -> 46192 | H18: =A18 -> GOLD-6.26 | I18: =J18 -> GCN26 | J18: {=INDEX(P:P,MATCH(1, (V:V=E18)*(U:U>=C18-L18)*(U:U<=C18+L18), 0))} -> GCN26 | K18: =INDEX(U:U, MATCH(J18,P:P,0)) -> 46203 | L18: 15 | M18: =K18-C18 -> 11 | P18: NGN27 | Q18: 41969 | R18: 46566 | S18: 46566 | T18: --- | U18: =MIN(R18:T18) -> 46566 | V18: =MID(P18,1,LEN(P18)-3) -> NG | W18: =IFERROR(INDEX(AC:AC, MATCH(V18,AB:AB,0)),"---") -> NYMEX
A19: GOLD-9.26 | B19: GDU6 | C19: 46283 | D19: =MID(A19,1,SEARCH("-",A19,1)-1) -> GOLD | E19: GC | F19: ="RUS:"&MID(B19,1,LEN(B19)-1)&"20"&RIGHT(A19,2)&"-"&INDEX(W:W, MATCH(J19,P:P,0))&":"&MID(J19,1,LEN(J19)-2)&"20"&RIGHT(J19,2) -> RUS:GDU2026-COMEX:GCV2026 | G19: =MIN(C19,K19) -> 46283 | H19: =A19 -> GOLD-9.26 | I19: =J19 -> GCV26 | J19: {=INDEX(P:P,MATCH(1, (V:V=E19)*(U:U>=C19-L19)*(U:U<=C19+L19), 0))} -> GCV26 | K19: =INDEX(U:U, MATCH(J19,P:P,0)) -> 46295 | L19: 15 | M19: =K19-C19 -> 12 | P19: NGQ27 | Q19: 41969 | R19: 46596 | S19: 46596 | T19: --- | U19: =MIN(R19:T19) -> 46596 | V19: =MID(P19,1,LEN(P19)-3) -> NG | W19: =IFERROR(INDEX(AC:AC, MATCH(V19,AB:AB,0)),"---") -> NYMEX
A20: GOLD-12.26 | B20: GDZ6 | C20: 46374 | D20: =MID(A20,1,SEARCH("-",A20,1)-1) -> GOLD | E20: GC | F20: ="RUS:"&MID(B20,1,LEN(B20)-1)&"20"&RIGHT(A20,2)&"-"&INDEX(W:W, MATCH(J20,P:P,0))&":"&MID(J20,1,LEN(J20)-2)&"20"&RIGHT(J20,2) -> RUS:GDZ2026-COMEX:GCF2027 | G20: =MIN(C20,K20) -> 46374 | H20: =A20 -> GOLD-12.26 | I20: =J20 -> GCF27 | J20: {=INDEX(P:P,MATCH(1, (V:V=E20)*(U:U>=C20-L20)*(U:U<=C20+L20), 0))} -> GCF27 | K20: =INDEX(U:U, MATCH(J20,P:P,0)) -> 46387 | L20: 15 | M20: =K20-C20 -> 13 | P20: NGU27 | Q20: 41969 | R20: 46626 | S20: 46626 | T20: --- | U20: =MIN(R20:T20) -> 46626 | V20: =MID(P20,1,LEN(P20)-3) -> NG | W20: =IFERROR(INDEX(AC:AC, MATCH(V20,AB:AB,0)),"---") -> NYMEX
A21: NG-3.26 | B21: NGH6 | C21: 46108 | D21: =MID(A21,1,SEARCH("-",A21,1)-1) -> NG | E21: NG | F21: ="RUS:"&MID(B21,1,LEN(B21)-1)&"20"&RIGHT(A21,2)&"-"&INDEX(W:W, MATCH(J21,P:P,0))&":"&MID(J21,1,LEN(J21)-2)&"20"&RIGHT(J21,2) -> RUS:NGH2026-NYMEX:NGJ2026 | G21: =MIN(C21,K21) -> 46108 | H21: =A21 -> NG-3.26 | I21: =J21 -> NGJ26 | J21: {=INDEX(P:P,MATCH(1, (V:V=E21)*(U:U>=C21-L21)*(U:U<=C21+L21), 0))} -> NGJ26 | K21: =INDEX(U:U, MATCH(J21,P:P,0)) -> 46108 | L21: 3 | M21: =K21-C21 -> 0 | P21: NGV27 | Q21: 41969 | R21: 46658 | S21: 46658 | T21: --- | U21: =MIN(R21:T21) -> 46658 | V21: =MID(P21,1,LEN(P21)-3) -> NG | W21: =IFERROR(INDEX(AC:AC, MATCH(V21,AB:AB,0)),"---") -> NYMEX
A22: NG-4.26 | B22: NGJ6 | C22: 46140 | D22: =MID(A22,1,SEARCH("-",A22,1)-1) -> NG | E22: NG | F22: ="RUS:"&MID(B22,1,LEN(B22)-1)&"20"&RIGHT(A22,2)&"-"&INDEX(W:W, MATCH(J22,P:P,0))&":"&MID(J22,1,LEN(J22)-2)&"20"&RIGHT(J22,2) -> RUS:NGJ2026-NYMEX:NGK2026 | G22: =MIN(C22,K22) -> 46140 | H22: =A22 -> NG-4.26 | I22: =J22 -> NGK26 | J22: {=INDEX(P:P,MATCH(1, (V:V=E22)*(U:U>=C22-L22)*(U:U<=C22+L22), 0))} -> NGK26 | K22: =INDEX(U:U, MATCH(J22,P:P,0)) -> 46140 | L22: 3 | M22: =K22-C22 -> 0 | P22: NGX27 | Q22: 41969 | R22: 46687 | S22: 46687 | T22: --- | U22: =MIN(R22:T22) -> 46687 | V22: =MID(P22,1,LEN(P22)-3) -> NG | W22: =IFERROR(INDEX(AC:AC, MATCH(V22,AB:AB,0)),"---") -> NYMEX
A23: NG-5.26 | B23: NGK6 | C23: 46169 | D23: =MID(A23,1,SEARCH("-",A23,1)-1) -> NG | E23: NG | F23: ="RUS:"&MID(B23,1,LEN(B23)-1)&"20"&RIGHT(A23,2)&"-"&INDEX(W:W, MATCH(J23,P:P,0))&":"&MID(J23,1,LEN(J23)-2)&"20"&RIGHT(J23,2) -> RUS:NGK2026-NYMEX:NGM2026 | G23: =MIN(C23,K23) -> 46169 | H23: =A23 -> NG-5.26 | I23: =J23 -> NGM26 | J23: {=INDEX(P:P,MATCH(1, (V:V=E23)*(U:U>=C23-L23)*(U:U<=C23+L23), 0))} -> NGM26 | K23: =INDEX(U:U, MATCH(J23,P:P,0)) -> 46169 | L23: 3 | M23: =K23-C23 -> 0 | P23: NGZ27 | Q23: 41969 | R23: 46717 | S23: 46717 | T23: --- | U23: =MIN(R23:T23) -> 46717 | V23: =MID(P23,1,LEN(P23)-3) -> NG | W23: =IFERROR(INDEX(AC:AC, MATCH(V23,AB:AB,0)),"---") -> NYMEX
A24: NG-6.26 | B24: NGM6 | C24: 46199 | D24: =MID(A24,1,SEARCH("-",A24,1)-1) -> NG | E24: NG | F24: ="RUS:"&MID(B24,1,LEN(B24)-1)&"20"&RIGHT(A24,2)&"-"&INDEX(W:W, MATCH(J24,P:P,0))&":"&MID(J24,1,LEN(J24)-2)&"20"&RIGHT(J24,2) -> RUS:NGM2026-NYMEX:NGN2026 | G24: =MIN(C24,K24) -> 46199 | H24: =A24 -> NG-6.26 | I24: =J24 -> NGN26 | J24: {=INDEX(P:P,MATCH(1, (V:V=E24)*(U:U>=C24-L24)*(U:U<=C24+L24), 0))} -> NGN26 | K24: =INDEX(U:U, MATCH(J24,P:P,0)) -> 46199 | L24: 3 | M24: =K24-C24 -> 0 | P24: NGF28 | Q24: 42335 | R24: 46750 | S24: 46750 | T24: --- | U24: =MIN(R24:T24) -> 46750 | V24: =MID(P24,1,LEN(P24)-3) -> NG | W24: =IFERROR(INDEX(AC:AC, MATCH(V24,AB:AB,0)),"---") -> NYMEX
A25: NG-7.26 | B25: NGN6 | C25: 46232 | D25: =MID(A25,1,SEARCH("-",A25,1)-1) -> NG | E25: NG | F25: ="RUS:"&MID(B25,1,LEN(B25)-1)&"20"&RIGHT(A25,2)&"-"&INDEX(W:W, MATCH(J25,P:P,0))&":"&MID(J25,1,LEN(J25)-2)&"20"&RIGHT(J25,2) -> RUS:NGN2026-NYMEX:NGQ2026 | G25: =MIN(C25,K25) -> 46232 | H25: =A25 -> NG-7.26 | I25: =J25 -> NGQ26 | J25: {=INDEX(P:P,MATCH(1, (V:V=E25)*(U:U>=C25-L25)*(U:U<=C25+L25), 0))} -> NGQ26 | K25: =INDEX(U:U, MATCH(J25,P:P,0)) -> 46232 | L25: 3 | M25: =K25-C25 -> 0 | P25: NGG28 | Q25: 42335 | R25: 46779 | S25: 46779 | T25: --- | U25: =MIN(R25:T25) -> 46779 | V25: =MID(P25,1,LEN(P25)-3) -> NG | W25: =IFERROR(INDEX(AC:AC, MATCH(V25,AB:AB,0)),"---") -> NYMEX
... A46: SILV-9.26 | B46: SVU6 | C46: 46283 | D46: =MID(A46,1,SEARCH("-",A46,1)-1) -> SILV | E46: SIL | F46: ="RUS:"&MID(B46,1,LEN(B46)-1)&"20"&RIGHT(A46,2)&"-"&INDEX(W:W, MATCH(J46,P:P,0))&":"&MID(J46,1,LEN(J46)-2)&"20"&RIGHT(J46,2) -> #N/A | G46: =MIN(C46,K46) -> #N/A | H46: =A46 -> SILV-9.26 | I46: =J46 -> #N/A | J46: {=INDEX(P:P,MATCH(1, (V:V=E46)*(U:U>=C46-L46)*(U:U<=C46+L46), 0))} -> #N/A | K46: =INDEX(U:U, MATCH(J46,P:P,0)) -> #N/A | L46: 15 | M46: =K46-C46 -> #N/A | P46: NGX29 | Q46: 42703 | R46: 47420 | S46: 47420 | T46: --- | U46: =MIN(R46:T46) -> 47420 | V46: =MID(P46,1,LEN(P46)-3) -> NG | W46: =IFERROR(INDEX(AC:AC, MATCH(V46,AB:AB,0)),"---") -> NYMEX
A47: UCNY-3.26 | B47: UCH6 | C47: 46100 | D47: =MID(A47,1,SEARCH("-",A47,1)-1) -> UCNY | E47: CNH | F47: ="RUS:"&MID(B47,1,LEN(B47)-1)&"20"&RIGHT(A47,2)&"-"&INDEX(W:W, MATCH(J47,P:P,0))&":"&MID(J47,1,LEN(J47)-2)&"20"&RIGHT(J47,2) -> #N/A | G47: =MIN(C47,K47) -> #N/A | H47: =A47 -> UCNY-3.26 | I47: =J47 -> #N/A | J47: {=INDEX(P:P,MATCH(1, (V:V=E47)*(U:U>=C47-L47)*(U:U<=C47+L47), 0))} -> #N/A | K47: =INDEX(U:U, MATCH(J47,P:P,0)) -> #N/A | M47: =K47-C47 -> #N/A | P47: NGZ29 | Q47: 42703 | R47: 47450 | S47: 47450 | T47: --- | U47: =MIN(R47:T47) -> 47450 | V47: =MID(P47,1,LEN(P47)-3) -> NG | W47: =IFERROR(INDEX(AC:AC, MATCH(V47,AB:AB,0)),"---") -> NYMEX
A48: UCNY-6.26 | B48: UCM6 | C48: 46191 | D48: =MID(A48,1,SEARCH("-",A48,1)-1) -> UCNY | E48: CNH | F48: ="RUS:"&MID(B48,1,LEN(B48)-1)&"20"&RIGHT(A48,2)&"-"&INDEX(W:W, MATCH(J48,P:P,0))&":"&MID(J48,1,LEN(J48)-2)&"20"&RIGHT(J48,2) -> #N/A | G48: =MIN(C48,K48) -> #N/A | H48: =A48 -> UCNY-6.26 | I48: =J48 -> #N/A | J48: {=INDEX(P:P,MATCH(1, (V:V=E48)*(U:U>=C48-L48)*(U:U<=C48+L48), 0))} -> #N/A | K48: =INDEX(U:U, MATCH(J48,P:P,0)) -> #N/A | M48: =K48-C48 -> #N/A | P48: NGF30 | Q48: 43068 | R48: 47479 | S48: 47479 | T48: --- | U48: =MIN(R48:T48) -> 47479 | V48: =MID(P48,1,LEN(P48)-3) -> NG | W48: =IFERROR(INDEX(AC:AC, MATCH(V48,AB:AB,0)),"---") -> NYMEX
A49: UCNY-9.26 | B49: UCU6 | C49: 46282 | D49: =MID(A49,1,SEARCH("-",A49,1)-1) -> UCNY | E49: CNH | F49: ="RUS:"&MID(B49,1,LEN(B49)-1)&"20"&RIGHT(A49,2)&"-"&INDEX(W:W, MATCH(J49,P:P,0))&":"&MID(J49,1,LEN(J49)-2)&"20"&RIGHT(J49,2) -> #N/A | G49: =MIN(C49,K49) -> #N/A | H49: =A49 -> UCNY-9.26 | I49: =J49 -> #N/A | J49: {=INDEX(P:P,MATCH(1, (V:V=E49)*(U:U>=C49-L49)*(U:U<=C49+L49), 0))} -> #N/A | K49: =INDEX(U:U, MATCH(J49,P:P,0)) -> #N/A | M49: =K49-C49 -> #N/A | P49: NGG30 | Q49: 43068 | R49: 47512 | S49: 47512 | T49: --- | U49: =MIN(R49:T49) -> 47512 | V49: =MID(P49,1,LEN(P49)-3) -> NG | W49: =IFERROR(INDEX(AC:AC, MATCH(V49,AB:AB,0)),"---") -> NYMEX
A50: UCNY-12.26 | B50: UCZ6 | C50: 46373 | D50: =MID(A50,1,SEARCH("-",A50,1)-1) -> UCNY | E50: CNH | F50: ="RUS:"&MID(B50,1,LEN(B50)-1)&"20"&RIGHT(A50,2)&"-"&INDEX(W:W, MATCH(J50,P:P,0))&":"&MID(J50,1,LEN(J50)-2)&"20"&RIGHT(J50,2) -> #N/A | G50: =MIN(C50,K50) -> #N/A | H50: =A50 -> UCNY-12.26 | I50: =J50 -> #N/A | J50: {=INDEX(P:P,MATCH(1, (V:V=E50)*(U:U>=C50-L50)*(U:U<=C50+L50), 0))} -> #N/A | K50: =INDEX(U:U, MATCH(J50,P:P,0)) -> #N/A | M50: =K50-C50 -> #N/A | P50: NGH30 | Q50: 43068 | R50: 47540 | S50: 47540 | T50: --- | U50: =MIN(R50:T50) -> 47540 | V50: =MID(P50,1,LEN(P50)-3) -> NG | W50: =IFERROR(INDEX(AC:AC, MATCH(V50,AB:AB,0)),"---") -> NYMEX
P51: NGJ30 | Q51: 43068 | R51: 47569 | S51: 47569 | T51: --- | U51: =MIN(R51:T51) -> 47569 | V51: =MID(P51,1,LEN(P51)-3) -> NG | W51: =IFERROR(INDEX(AC:AC, MATCH(V51,AB:AB,0)),"---") -> NYMEX
P52: NGK30 | Q52: 43068 | R52: 47599 | S52: 47599 | T52: --- | U52: =MIN(R52:T52) -> 47599 | V52: =MID(P52,1,LEN(P52)-3) -> NG | W52: =IFERROR(INDEX(AC:AC, MATCH(V52,AB:AB,0)),"---") -> NYMEX
P53: NGM30 | Q53: 43068 | R53: 47632 | S53: 47632 | T53: --- | U53: =MIN(R53:T53) -> 47632 | V53: =MID(P53,1,LEN(P53)-3) -> NG | W53: =IFERROR(INDEX(AC:AC, MATCH(V53,AB:AB,0)),"---") -> NYMEX
P54: NGN30 | Q54: 43068 | R54: 47660 | S54: 47660 | T54: --- | U54: =MIN(R54:T54) -> 47660 | V54: =MID(P54,1,LEN(P54)-3) -> NG | W54: =IFERROR(INDEX(AC:AC, MATCH(V54,AB:AB,0)),"---") -> NYMEX
P55: NGQ30 | Q55: 43068 | R55: 47693 | S55: 47693 | T55: --- | U55: =MIN(R55:T55) -> 47693 | V55: =MID(P55,1,LEN(P55)-3) -> NG | W55: =IFERROR(INDEX(AC:AC, MATCH(V55,AB:AB,0)),"---") -> NYMEX
P56: NGU30 | Q56: 43068 | R56: 47723 | S56: 47723 | T56: --- | U56: =MIN(R56:T56) -> 47723 | V56: =MID(P56,1,LEN(P56)-3) -> NG | W56: =IFERROR(INDEX(AC:AC, MATCH(V56,AB:AB,0)),"---") -> NYMEX
P57: NGV30 | Q57: 43068 | R57: 47752 | S57: 47752 | T57: --- | U57: =MIN(R57:T57) -> 47752 | V57: =MID(P57,1,LEN(P57)-3) -> NG | W57: =IFERROR(INDEX(AC:AC, MATCH(V57,AB:AB,0)),"---") -> NYMEX
P58: NGX30 | Q58: 43068 | R58: 47785 | S58: 47785 | T58: --- | U58: =MIN(R58:T58) -> 47785 | V58: =MID(P58,1,LEN(P58)-3) -> NG | W58: =IFERROR(INDEX(AC:AC, MATCH(V58,AB:AB,0)),"---") -> NYMEX
P59: NGZ30 | Q59: 43068 | R59: 47813 | S59: 47813 | T59: --- | U59: =MIN(R59:T59) -> 47813 | V59: =MID(P59,1,LEN(P59)-3) -> NG | W59: =IFERROR(INDEX(AC:AC, MATCH(V59,AB:AB,0)),"---") -> NYMEX
P60: NGF31 | Q60: 43433 | R60: 47844 | S60: 47844 | T60: --- | U60: =MIN(R60:T60) -> 47844 | V60: =MID(P60,1,LEN(P60)-3) -> NG | W60: =IFERROR(INDEX(AC:AC, MATCH(V60,AB:AB,0)),"---") -> NYMEX
P61: NGG31 | Q61: 43433 | R61: 47877 | S61: 47877 | T61: --- | U61: =MIN(R61:T61) -> 47877 | V61: =MID(P61,1,LEN(P61)-3) -> NG | W61: =IFERROR(INDEX(AC:AC, MATCH(V61,AB:AB,0)),"---") -> NYMEX
P62: NGH31 | Q62: 43433 | R62: 47905 | S62: 47905 | T62: --- | U62: =MIN(R62:T62) -> 47905 | V62: =MID(P62,1,LEN(P62)-3) -> NG | W62: =IFERROR(INDEX(AC:AC, MATCH(V62,AB:AB,0)),"---") -> NYMEX
... P251: BZH34 | Q251: 45964 | R251: 48975 | S251: 48976 | T251: --- | U251: =MIN(R251:T251) -> 48975 | V251: =MID(P251,1,LEN(P251)-3) -> BZ | W251: =IFERROR(INDEX(AC:AC, MATCH(V251,AB:AB,0)),"---") -> NYMEX
P252: Product Code | Q252: First Trade | R252: Last Trade | S252: Settlement | T252: First Notice | U252: =MIN(R252:T252) -> 0 | V252: =MID(P252,1,LEN(P252)-3) -> Product C | W252: =IFERROR(INDEX(AC:AC, MATCH(V252,AB:AB,0)),"---") -> ---
P253: GCH26 | Q253: 45698 | R253: 46108 | S253: 46108 | T253: 46080 | U253: =MIN(R253:T253) -> 46080 | V253: =MID(P253,1,LEN(P253)-3) -> GC | W253: =IFERROR(INDEX(AC:AC, MATCH(V253,AB:AB,0)),"---") -> COMEX
P254: GCJ26 | Q254: 45443 | R254: 46140 | S254: 46140 | T254: 46112 | U254: =MIN(R254:T254) -> 46112 | V254: =MID(P254,1,LEN(P254)-3) -> GC | W254: =IFERROR(INDEX(AC:AC, MATCH(V254,AB:AB,0)),"---") -> COMEX
P255: GCK26 | Q255: 45698 | R255: 46169 | S255: 46169 | T255: 46142 | U255: =MIN(R255:T255) -> 46142 | V255: =MID(P255,1,LEN(P255)-3) -> GC | W255: =IFERROR(INDEX(AC:AC, MATCH(V255,AB:AB,0)),"---") -> COMEX
P256: GCM26 | Q256: 44012 | R256: 46199 | S256: 46199 | T256: 46171 | U256: =MIN(R256:T256) -> 46171 | V256: =MID(P256,1,LEN(P256)-3) -> GC | W256: =IFERROR(INDEX(AC:AC, MATCH(V256,AB:AB,0)),"---") -> COMEX
P257: GCN26 | Q257: 45698 | R257: 46232 | S257: 46232 | T257: 46203 | U257: =MIN(R257:T257) -> 46203 | V257: =MID(P257,1,LEN(P257)-3) -> GC | W257: =IFERROR(INDEX(AC:AC, MATCH(V257,AB:AB,0)),"---") -> COMEX
P258: GCQ26 | Q258: 45565 | R258: 46261 | S258: 46261 | T258: 46234 | U258: =MIN(R258:T258) -> 46234 | V258: =MID(P258,1,LEN(P258)-3) -> GC | W258: =IFERROR(INDEX(AC:AC, MATCH(V258,AB:AB,0)),"---") -> COMEX
P259: GCU26 | Q259: 45698 | R259: 46293 | S259: 46293 | T259: 46265 | U259: =MIN(R259:T259) -> 46265 | V259: =MID(P259,1,LEN(P259)-3) -> GC | W259: =IFERROR(INDEX(AC:AC, MATCH(V259,AB:AB,0)),"---") -> COMEX
P260: GCV26 | Q260: 45625 | R260: 46323 | S260: 46323 | T260: 46295 | U260: =MIN(R260:T260) -> 46295 | V260: =MID(P260,1,LEN(P260)-3) -> GC | W260: =IFERROR(INDEX(AC:AC, MATCH(V260,AB:AB,0)),"---") -> COMEX
P261: GCX26 | Q261: 45698 | R261: 46351 | S261: 46351 | T261: 46325 | U261: =MIN(R261:T261) -> 46325 | V261: =MID(P261,1,LEN(P261)-3) -> GC | W261: =IFERROR(INDEX(AC:AC, MATCH(V261,AB:AB,0)),"---") -> COMEX
P262: GCZ26 | Q262: 44196 | R262: 46385 | S262: 46385 | T262: 46356 | U262: =MIN(R262:T262) -> 46356 | V262: =MID(P262,1,LEN(P262)-3) -> GC | W262: =IFERROR(INDEX(AC:AC, MATCH(V262,AB:AB,0)),"---") -> COMEX
P263: GCF27 | Q263: 45698 | R263: 46414 | S263: 46414 | T263: 46387 | U263: =MIN(R263:T263) -> 46387 | V263: =MID(P263,1,LEN(P263)-3) -> GC | W263: =IFERROR(INDEX(AC:AC, MATCH(V263,AB:AB,0)),"---") -> COMEX
P264: GCG27 | Q264: 45716 | R264: 46442 | S264: 46442 | T264: 46416 | U264: =MIN(R264:T264) -> 46416 | V264: =MID(P264,1,LEN(P264)-3) -> GC | W264: =IFERROR(INDEX(AC:AC, MATCH(V264,AB:AB,0)),"---") -> COMEX
... P287: GCZ31 | Q287: 45992 | R287: 48211 | S287: 48211 | T287: 48180 | U287: =MIN(R287:T287) -> 48180 | V287: =MID(P287,1,LEN(P287)-3) -> GC | W287: =IFERROR(INDEX(AC:AC, MATCH(V287,AB:AB,0)),"---") -> COMEX
P288: Product Code | Q288: First Trade | R288: Last Trade | S288: Settlement | T288: First Notice | U288: =MIN(R288:T288) -> 0 | V288: =MID(P288,1,LEN(P288)-3) -> Product C | W288: =IFERROR(INDEX(AC:AC, MATCH(V288,AB:AB,0)),"---") -> ---
P289: MGCJ26 | Q289: 45443 | R289: 46140 | S289: 46140 | T289: 46112 | U289: =MIN(R289:T289) -> 46112 | V289: =MID(P289,1,LEN(P289)-3) -> MGC | W289: =IFERROR(INDEX(AC:AC, MATCH(V289,AB:AB,0)),"---") -> COMEX_MINI
P290: MGCM26 | Q290: 45471 | R290: 46199 | S290: 46199 | T290: 46171 | U290: =MIN(R290:T290) -> 46171 | V290: =MID(P290,1,LEN(P290)-3) -> MGC | W290: =IFERROR(INDEX(AC:AC, MATCH(V290,AB:AB,0)),"---") -> COMEX_MINI
P291: MGCQ26 | Q291: 45565 | R291: 46261 | S291: 46261 | T291: 46234 | U291: =MIN(R291:T291) -> 46234 | V291: =MID(P291,1,LEN(P291)-3) -> MGC | W291: =IFERROR(INDEX(AC:AC, MATCH(V291,AB:AB,0)),"---") -> COMEX_MINI
P292: MGCV26 | Q292: 45625 | R292: 46323 | S292: 46323 | T292: 46295 | U292: =MIN(R292:T292) -> 46295 | V292: =MID(P292,1,LEN(P292)-3) -> MGC | W292: =IFERROR(INDEX(AC:AC, MATCH(V292,AB:AB,0)),"---") -> COMEX_MINI
P293: MGCZ26 | Q293: 45657 | R293: 46385 | S293: 46385 | T293: 46356 | U293: =MIN(R293:T293) -> 46356 | V293: =MID(P293,1,LEN(P293)-3) -> MGC | W293: =IFERROR(INDEX(AC:AC, MATCH(V293,AB:AB,0)),"---") -> COMEX_MINI
P294: MGCG27 | Q294: 45747 | R294: 46442 | S294: 46442 | T294: 46416 | U294: =MIN(R294:T294) -> 46416 | V294: =MID(P294,1,LEN(P294)-3) -> MGC | W294: =IFERROR(INDEX(AC:AC, MATCH(V294,AB:AB,0)),"---") -> COMEX_MINI
P295: MGCJ27 | Q295: 45807 | R295: 46505 | S295: 46505 | T295: 46477 | U295: =MIN(R295:T295) -> 46477 | V295: =MID(P295,1,LEN(P295)-3) -> MGC | W295: =IFERROR(INDEX(AC:AC, MATCH(V295,AB:AB,0)),"---") -> COMEX_MINI
P296: MGCM27 | Q296: 45838 | R296: 46566 | S296: 46566 | T296: 46535 | U296: =MIN(R296:T296) -> 46535 | V296: =MID(P296,1,LEN(P296)-3) -> MGC | W296: =IFERROR(INDEX(AC:AC, MATCH(V296,AB:AB,0)),"---") -> COMEX_MINI
P297: MGCQ27 | Q297: 45930 | R297: 46626 | S297: 46626 | T297: 46598 | U297: =MIN(R297:T297) -> 46598 | V297: =MID(P297,1,LEN(P297)-3) -> MGC | W297: =IFERROR(INDEX(AC:AC, MATCH(V297,AB:AB,0)),"---") -> COMEX_MINI
P298: MGCV27 | Q298: 45989 | R298: 46687 | S298: 46687 | T298: 46660 | U298: =MIN(R298:T298) -> 46660 | V298: =MID(P298,1,LEN(P298)-3) -> MGC | W298: =IFERROR(INDEX(AC:AC, MATCH(V298,AB:AB,0)),"---") -> COMEX_MINI
P299: MGCZ27 | Q299: 46022 | R299: 46750 | S299: 46750 | T299: 46721 | U299: =MIN(R299:T299) -> 46721 | V299: =MID(P299,1,LEN(P299)-3) -> MGC | W299: =IFERROR(INDEX(AC:AC, MATCH(V299,AB:AB,0)),"---") -> COMEX_MINI
P300: MGCG28 | Q300: 46112 | R300: 46808 | S300: 46808 | T300: 46783 | U300: =MIN(R300:T300) -> 46783 | V300: =MID(P300,1,LEN(P300)-3) -> MGC | W300: =IFERROR(INDEX(AC:AC, MATCH(V300,AB:AB,0)),"---") -> COMEX_MINI
P301: Product Code | Q301: First Trade | R301: Last Trade | S301: Settlement | T301: First Notice | U301: =MIN(R301:T301) -> 0 | V301: =MID(P301,1,LEN(P301)-3) -> Product C | W301: =IFERROR(INDEX(AC:AC, MATCH(V301,AB:AB,0)),"---") -> ---
P302: SIH26 | Q302: 45412 | R302: 46108 | S302: 46108 | T302: 46080 | U302: =MIN(R302:T302) -> 46080 | V302: =MID(P302,1,LEN(P302)-3) -> SI | W302: =IFERROR(INDEX(AC:AC, MATCH(V302,AB:AB,0)),"---") -> COMEX
P303: SIJ26 | Q303: 45698 | R303: 46140 | S303: 46140 | T303: 46112 | U303: =MIN(R303:T303) -> 46112 | V303: =MID(P303,1,LEN(P303)-3) -> SI | W303: =IFERROR(INDEX(AC:AC, MATCH(V303,AB:AB,0)),"---") -> COMEX
P304: SIK26 | Q304: 45471 | R304: 46169 | S304: 46169 | T304: 46142 | U304: =MIN(R304:T304) -> 46142 | V304: =MID(P304,1,LEN(P304)-3) -> SI | W304: =IFERROR(INDEX(AC:AC, MATCH(V304,AB:AB,0)),"---") -> COMEX
P305: SIM26 | Q305: 45698 | R305: 46199 | S305: 46199 | T305: 46171 | U305: =MIN(R305:T305) -> 46171 | V305: =MID(P305,1,LEN(P305)-3) -> SI | W305: =IFERROR(INDEX(AC:AC, MATCH(V305,AB:AB,0)),"---") -> COMEX
P306: SIN26 | Q306: 44407 | R306: 46232 | S306: 46232 | T306: 46203 | U306: =MIN(R306:T306) -> 46203 | V306: =MID(P306,1,LEN(P306)-3) -> SI | W306: =IFERROR(INDEX(AC:AC, MATCH(V306,AB:AB,0)),"---") -> COMEX
P307: SIQ26 | Q307: 45698 | R307: 46261 | S307: 46261 | T307: 46234 | U307: =MIN(R307:T307) -> 46234 | V307: =MID(P307,1,LEN(P307)-3) -> SI | W307: =IFERROR(INDEX(AC:AC, MATCH(V307,AB:AB,0)),"---") -> COMEX
P308: SIU26 | Q308: 45596 | R308: 46293 | S308: 46293 | T308: 46265 | U308: =MIN(R308:T308) -> 46265 | V308: =MID(P308,1,LEN(P308)-3) -> SI | W308: =IFERROR(INDEX(AC:AC, MATCH(V308,AB:AB,0)),"---") -> COMEX
P309: SIV26 | Q309: 45698 | R309: 46323 | S309: 46323 | T309: 46295 | U309: =MIN(R309:T309) -> 46295 | V309: =MID(P309,1,LEN(P309)-3) -> SI | W309: =IFERROR(INDEX(AC:AC, MATCH(V309,AB:AB,0)),"---") -> COMEX
P310: SIX26 | Q310: 45698 | R310: 46351 | S310: 46351 | T310: 46325 | U310: =MIN(R310:T310) -> 46325 | V310: =MID(P310,1,LEN(P310)-3) -> SI | W310: =IFERROR(INDEX(AC:AC, MATCH(V310,AB:AB,0)),"---") -> COMEX
P311: SIZ26 | Q311: 44561 | R311: 46385 | S311: 46385 | T311: 46356 | U311: =MIN(R311:T311) -> 46356 | V311: =MID(P311,1,LEN(P311)-3) -> SI | W311: =IFERROR(INDEX(AC:AC, MATCH(V311,AB:AB,0)),"---") -> COMEX
P312: SIF27 | Q312: 45698 | R312: 46414 | S312: 46414 | T312: 46387 | U312: =MIN(R312:T312) -> 46387 | V312: =MID(P312,1,LEN(P312)-3) -> SI | W312: =IFERROR(INDEX(AC:AC, MATCH(V312,AB:AB,0)),"---") -> COMEX
P313: SIG27 | Q313: 45715 | R313: 46442 | S313: 46442 | T313: 46416 | U313: =MIN(R313:T313) -> 46416 | V313: =MID(P313,1,LEN(P313)-3) -> SI | W313: =IFERROR(INDEX(AC:AC, MATCH(V313,AB:AB,0)),"---") -> COMEX
... P334: SIZ30 | Q334: 46021 | R334: 47844 | S334: 47844 | T334: 47816 | U334: =MIN(R334:T334) -> 47816 | V334: =MID(P334,1,LEN(P334)-3) -> SI | W334: =IFERROR(INDEX(AC:AC, MATCH(V334,AB:AB,0)),"---") -> COMEX
P335: Product Code | Q335: First Trade | R335: Last Trade | S335: Settlement | T335: First Notice | U335: =MIN(R335:T335) -> 0 | V335: =MID(P335,1,LEN(P335)-3) -> Product C | W335: =IFERROR(INDEX(AC:AC, MATCH(V335,AB:AB,0)),"---") -> ---
P336: SILH26 | Q336: 45747 | R336: 46108 | S336: 46108 | T336: 46080 | U336: =MIN(R336:T336) -> 46080 | V336: =MID(P336,1,LEN(P336)-3) -> SIL | W336: =IFERROR(INDEX(AC:AC, MATCH(V336,AB:AB,0)),"---") -> COMEX_MINI
P337: SILJ26 | Q337: 46052 | R337: 46140 | S337: 46140 | T337: 46112 | U337: =MIN(R337:T337) -> 46112 | V337: =MID(P337,1,LEN(P337)-3) -> SIL | W337: =IFERROR(INDEX(AC:AC, MATCH(V337,AB:AB,0)),"---") -> COMEX_MINI
P338: SILK26 | Q338: 45807 | R338: 46169 | S338: 46169 | T338: 46142 | U338: =MIN(R338:T338) -> 46142 | V338: =MID(P338,1,LEN(P338)-3) -> SIL | W338: =IFERROR(INDEX(AC:AC, MATCH(V338,AB:AB,0)),"---") -> COMEX_MINI
P339: SILM26 | Q339: 46112 | R339: 46199 | S339: 46199 | T339: 46171 | U339: =MIN(R339:T339) -> 46171 | V339: =MID(P339,1,LEN(P339)-3) -> SIL | W339: =IFERROR(INDEX(AC:AC, MATCH(V339,AB:AB,0)),"---") -> COMEX_MINI
P340: SILN26 | Q340: 45869 | R340: 46232 | S340: 46232 | T340: 46203 | U340: =MIN(R340:T340) -> 46203 | V340: =MID(P340,1,LEN(P340)-3) -> SIL | W340: =IFERROR(INDEX(AC:AC, MATCH(V340,AB:AB,0)),"---") -> COMEX_MINI
P341: SILU26 | Q341: 45930 | R341: 46293 | S341: 46293 | T341: 46265 | U341: =MIN(R341:T341) -> 46265 | V341: =MID(P341,1,LEN(P341)-3) -> SIL | W341: =IFERROR(INDEX(AC:AC, MATCH(V341,AB:AB,0)),"---") -> COMEX_MINI
P342: SILZ26 | Q342: 46022 | R342: 46385 | S342: 46385 | T342: 46356 | U342: =MIN(R342:T342) -> 46356 | V342: =MID(P342,1,LEN(P342)-3) -> SIL | W342: =IFERROR(INDEX(AC:AC, MATCH(V342,AB:AB,0)),"---") -> COMEX_MINI
P343: SILF27 | Q343: 46052 | R343: 46414 | S343: 46414 | T343: 46387 | U343: =MIN(R343:T343) -> 46387 | V343: =MID(P343,1,LEN(P343)-3) -> SIL | W343: =IFERROR(INDEX(AC:AC, MATCH(V343,AB:AB,0)),"---") -> COMEX_MINI
P344: SILH27 | Q344: 46112 | R344: 46475 | S344: 46475 | T344: 46444 | U344: =MIN(R344:T344) -> 46444 | V344: =MID(P344,1,LEN(P344)-3) -> SIL | W344: =IFERROR(INDEX(AC:AC, MATCH(V344,AB:AB,0)),"---") -> COMEX_MINI
P345: Product Code | Q345: First Trade | R345: Last Trade | S345: Settlement | T345: --- | U345: =MIN(R345:T345) -> 0 | V345: =MID(P345,1,LEN(P345)-3) -> Product C | W345: =IFERROR(INDEX(AC:AC, MATCH(V345,AB:AB,0)),"---") -> ---
P346: MBTH26 | Q346: 45565 | R346: 46108 | S346: 46108 | T346: --- | U346: =MIN(R346:T346) -> 46108 | V346: =MID(P346,1,LEN(P346)-3) -> MBT | W346: =IFERROR(INDEX(AC:AC, MATCH(V346,AB:AB,0)),"---") -> CME
P347: MBTJ26 | Q347: 45964 | R347: 46136 | S347: 46136 | T347: --- | U347: =MIN(R347:T347) -> 46136 | V347: =MID(P347,1,LEN(P347)-3) -> MBT | W347: =IFERROR(INDEX(AC:AC, MATCH(V347,AB:AB,0)),"---") -> CME
P348: MBTK26 | Q348: 45992 | R348: 46171 | S348: 46171 | T348: --- | U348: =MIN(R348:T348) -> 46171 | V348: =MID(P348,1,LEN(P348)-3) -> MBT | W348: =IFERROR(INDEX(AC:AC, MATCH(V348,AB:AB,0)),"---") -> CME
P349: MBTM26 | Q349: 45656 | R349: 46199 | S349: 46199 | T349: --- | U349: =MIN(R349:T349) -> 46199 | V349: =MID(P349,1,LEN(P349)-3) -> MBT | W349: =IFERROR(INDEX(AC:AC, MATCH(V349,AB:AB,0)),"---") -> CME
P350: MBTN26 | Q350: 46055 | R350: 46234 | S350: 46234 | T350: --- | U350: =MIN(R350:T350) -> 46234 | V350: =MID(P350,1,LEN(P350)-3) -> MBT | W350: =IFERROR(INDEX(AC:AC, MATCH(V350,AB:AB,0)),"---") -> CME
P351: MBTQ26 | Q351: 46083 | R351: 46262 | S351: 46262 | T351: --- | U351: =MIN(R351:T351) -> 46262 | V351: =MID(P351,1,LEN(P351)-3) -> MBT | W351: =IFERROR(INDEX(AC:AC, MATCH(V351,AB:AB,0)),"---") -> CME
...

Sheet CME Data
A1: Input 2nd Leg | F1: Additional 2nd Leg | I1: Leg 1 | N1: Exchange
A2: Product Code | B2: First Trade | C2: Last Trade | D2: Settlement | E2: FND | F2: Final Date | G2: Underl CME | H2: Exch | I2: Moex 1 | J2: Exp 1 | K2: Spread Date | N2: Underl2 | O2: Exch
A3: NGJ26 | B3: 41605 | C3: 46108 | D3: 46108 | E3: --- | F3: =MIN(C3:E3) -> 46108 | G3: =MID(A3,1,LEN(A3)-3) -> NG | H3: =IFERROR(INDEX(O:O, MATCH(G3,N:N,0)),"---") -> NYMEX | I3: {=IFERROR(INDEX(Spreads!A:A,MATCH(1, (Spreads!E:E=G3)*(Spreads!C:C>=F3), 0)),"---")} -> NG-3.26 | J3: =IFERROR(INDEX(Spreads!C:C, MATCH('CME Data'!I3,Spreads!A:A,0)),"---") -> 46108 | K3: =MIN(J3,F3) -> 46108 | N3: BZ | O3: NYMEX
A4: NGK26 | B4: 41605 | C4: 46140 | D4: 46140 | E4: --- | F4: =MIN(C4:E4) -> 46140 | G4: =MID(A4,1,LEN(A4)-3) -> NG | H4: =IFERROR(INDEX(O:O, MATCH(G4,N:N,0)),"---") -> NYMEX | I4: {=IFERROR(INDEX(Spreads!A:A,MATCH(1, (Spreads!E:E=G4)*(Spreads!C:C>=F4), 0)),"---")} -> NG-4.26 | J4: =IFERROR(INDEX(Spreads!C:C, MATCH('CME Data'!I4,Spreads!A:A,0)),"---") -> 46140 | K4: =MIN(J4,F4) -> 46140 | N4: MBT | O4: CME
A5: NGM26 | B5: 41605 | C5: 46169 | D5: 46169 | E5: --- | F5: =MIN(C5:E5) -> 46169 | G5: =MID(A5,1,LEN(A5)-3) -> NG | H5: =IFERROR(INDEX(O:O, MATCH(G5,N:N,0)),"---") -> NYMEX | I5: {=IFERROR(INDEX(Spreads!A:A,MATCH(1, (Spreads!E:E=G5)*(Spreads!C:C>=F5), 0)),"---")} -> NG-5.26 | J5: =IFERROR(INDEX(Spreads!C:C, MATCH('CME Data'!I5,Spreads!A:A,0)),"---") -> 46169 | K5: =MIN(J5,F5) -> 46169 | N5: EC | O5: CME
A6: NGN26 | B6: 41605 | C6: 46199 | D6: 46199 | E6: --- | F6: =MIN(C6:E6) -> 46199 | G6: =MID(A6,1,LEN(A6)-3) -> NG | H6: =IFERROR(INDEX(O:O, MATCH(G6,N:N,0)),"---") -> NYMEX | I6: {=IFERROR(INDEX(Spreads!A:A,MATCH(1, (Spreads!E:E=G6)*(Spreads!C:C>=F6), 0)),"---")} -> NG-6.26 | J6: =IFERROR(INDEX(Spreads!C:C, MATCH('CME Data'!I6,Spreads!A:A,0)),"---") -> 46199 | K6: =MIN(J6,F6) -> 46199 | N6: GC | O6: COMEX
A7: NGQ26 | B7: 41605 | C7: 46232 | D7: 46232 | E7: --- | F7: =MIN(C7:E7) -> 46232 | G7: =MID(A7,1,LEN(A7)-3) -> NG | H7: =IFERROR(INDEX(O:O, MATCH(G7,N:N,0)),"---") -> NYMEX | I7: {=IFERROR(INDEX(Spreads!A:A,MATCH(1, (Spreads!E:E=G7)*(Spreads!C:C>=F7), 0)),"---")} -> NG-7.26 | J7: =IFERROR(INDEX(Spreads!C:C, MATCH('CME Data'!I7,Spreads!A:A,0)),"---") -> 46232 | K7: =MIN(J7,F7) -> 46232 | N7: NG | O7: NYMEX
A8: NGU26 | B8: 41605 | C8: 46261 | D8: 46261 | E8: --- | F8: =MIN(C8:E8) -> 46261 | G8: =MID(A8,1,LEN(A8)-3) -> NG | H8: =IFERROR(INDEX(O:O, MATCH(G8,N:N,0)),"---") -> NYMEX | I8: {=IFERROR(INDEX(Spreads!A:A,MATCH(1, (Spreads!E:E=G8)*(Spreads!C:C>=F8), 0)),"---")} -> NG-8.26 | J8: =IFERROR(INDEX(Spreads!C:C, MATCH('CME Data'!I8,Spreads!A:A,0)),"---") -> 46261 | K8: =MIN(J8,F8) -> 46261 | N8: PA | O8: NYMEX
A9: NGV26 | B9: 41605 | C9: 46293 | D9: 46293 | E9: --- | F9: =MIN(C9:E9) -> 46293 | G9: =MID(A9,1,LEN(A9)-3) -> NG | H9: =IFERROR(INDEX(O:O, MATCH(G9,N:N,0)),"---") -> NYMEX | I9: {=IFERROR(INDEX(Spreads!A:A,MATCH(1, (Spreads!E:E=G9)*(Spreads!C:C>=F9), 0)),"---")} -> NG-9.26 | J9: =IFERROR(INDEX(Spreads!C:C, MATCH('CME Data'!I9,Spreads!A:A,0)),"---") -> 46293 | K9: =MIN(J9,F9) -> 46293 | N9: PL | O9: NYMEX
A10: NGX26 | B10: 41605 | C10: 46323 | D10: 46323 | E10: --- | F10: =MIN(C10:E10) -> 46323 | G10: =MID(A10,1,LEN(A10)-3) -> NG | H10: =IFERROR(INDEX(O:O, MATCH(G10,N:N,0)),"---") -> NYMEX | I10: {=IFERROR(INDEX(Spreads!A:A,MATCH(1, (Spreads!E:E=G10)*(Spreads!C:C>=F10), 0)),"---")} -> --- | J10: =IFERROR(INDEX(Spreads!C:C, MATCH('CME Data'!I10,Spreads!A:A,0)),"---") -> --- | K10: =MIN(J10,F10) -> 46323 | N10: SI | O10: COMEX
A11: NGZ26 | B11: 41605 | C11: 46351 | D11: 46351 | E11: --- | F11: =MIN(C11:E11) -> 46351 | G11: =MID(A11,1,LEN(A11)-3) -> NG | H11: =IFERROR(INDEX(O:O, MATCH(G11,N:N,0)),"---") -> NYMEX | I11: {=IFERROR(INDEX(Spreads!A:A,MATCH(1, (Spreads!E:E=G11)*(Spreads!C:C>=F11), 0)),"---")} -> --- | J11: =IFERROR(INDEX(Spreads!C:C, MATCH('CME Data'!I11,Spreads!A:A,0)),"---") -> --- | K11: =MIN(J11,F11) -> 46351 | N11: MGC | O11: COMEX_MINI
A12: NGF27 | B12: 41969 | C12: 46385 | D12: 46385 | E12: --- | F12: =MIN(C12:E12) -> 46385 | G12: =MID(A12,1,LEN(A12)-3) -> NG | H12: =IFERROR(INDEX(O:O, MATCH(G12,N:N,0)),"---") -> NYMEX | I12: {=IFERROR(INDEX(Spreads!A:A,MATCH(1, (Spreads!E:E=G12)*(Spreads!C:C>=F12), 0)),"---")} -> --- | J12: =IFERROR(INDEX(Spreads!C:C, MATCH('CME Data'!I12,Spreads!A:A,0)),"---") -> --- | K12: =MIN(J12,F12) -> 46385 | N12: SIL | O12: COMEX_MINI
A13: NGG27 | B13: 41969 | C13: 46414 | D13: 46414 | E13: --- | F13: =MIN(C13:E13) -> 46414 | G13: =MID(A13,1,LEN(A13)-3) -> NG | H13: =IFERROR(INDEX(O:O, MATCH(G13,N:N,0)),"---") -> NYMEX | I13: {=IFERROR(INDEX(Spreads!A:A,MATCH(1, (Spreads!E:E=G13)*(Spreads!C:C>=F13), 0)),"---")} -> --- | J13: =IFERROR(INDEX(Spreads!C:C, MATCH('CME Data'!I13,Spreads!A:A,0)),"---") -> --- | K13: =MIN(J13,F13) -> 46414 | N13: CNH | O13: CME
A14: NGH27 | B14: 41969 | C14: 46442 | D14: 46442 | E14: --- | F14: =MIN(C14:E14) -> 46442 | G14: =MID(A14,1,LEN(A14)-3) -> NG | H14: =IFERROR(INDEX(O:O, MATCH(G14,N:N,0)),"---") -> NYMEX | I14: {=IFERROR(INDEX(Spreads!A:A,MATCH(1, (Spreads!E:E=G14)*(Spreads!C:C>=F14), 0)),"---")} -> --- | J14: =IFERROR(INDEX(Spreads!C:C, MATCH('CME Data'!I14,Spreads!A:A,0)),"---") -> --- | K14: =MIN(J14,F14) -> 46442 | N14: MES | O14: CME_MINI
A15: NGJ27 | B15: 41969 | C15: 46475 | D15: 46475 | E15: --- | F15: =MIN(C15:E15) -> 46475 | G15: =MID(A15,1,LEN(A15)-3) -> NG | H15: =IFERROR(INDEX(O:O, MATCH(G15,N:N,0)),"---") -> NYMEX | I15: {=IFERROR(INDEX(Spreads!A:A,MATCH(1, (Spreads!E:E=G15)*(Spreads!C:C>=F15), 0)),"---")} -> --- | J15: =IFERROR(INDEX(Spreads!C:C, MATCH('CME Data'!I15,Spreads!A:A,0)),"---") -> --- | K15: =MIN(J15,F15) -> 46475 | N15: MNQ | O15: CME_MINI
A16: NGK27 | B16: 41969 | C16: 46505 | D16: 46505 | E16: --- | F16: =MIN(C16:E16) -> 46505 | G16: =MID(A16,1,LEN(A16)-3) -> NG | H16: =IFERROR(INDEX(O:O, MATCH(G16,N:N,0)),"---") -> NYMEX | I16: {=IFERROR(INDEX(Spreads!A:A,MATCH(1, (Spreads!E:E=G16)*(Spreads!C:C>=F16), 0)),"---")} -> --- | J16: =IFERROR(INDEX(Spreads!C:C, MATCH('CME Data'!I16,Spreads!A:A,0)),"---") -> --- | K16: =MIN(J16,F16) -> 46505
A17: NGM27 | B17: 41969 | C17: 46533 | D17: 46533 | E17: --- | F17: =MIN(C17:E17) -> 46533 | G17: =MID(A17,1,LEN(A17)-3) -> NG | H17: =IFERROR(INDEX(O:O, MATCH(G17,N:N,0)),"---") -> NYMEX | I17: {=IFERROR(INDEX(Spreads!A:A,MATCH(1, (Spreads!E:E=G17)*(Spreads!C:C>=F17), 0)),"---")} -> --- | J17: =IFERROR(INDEX(Spreads!C:C, MATCH('CME Data'!I17,Spreads!A:A,0)),"---") -> --- | K17: =MIN(J17,F17) -> 46533
A18: NGN27 | B18: 41969 | C18: 46566 | D18: 46566 | E18: --- | F18: =MIN(C18:E18) -> 46566 | G18: =MID(A18,1,LEN(A18)-3) -> NG | H18: =IFERROR(INDEX(O:O, MATCH(G18,N:N,0)),"---") -> NYMEX | I18: {=IFERROR(INDEX(Spreads!A:A,MATCH(1, (Spreads!E:E=G18)*(Spreads!C:C>=F18), 0)),"---")} -> --- | J18: =IFERROR(INDEX(Spreads!C:C, MATCH('CME Data'!I18,Spreads!A:A,0)),"---") -> --- | K18: =MIN(J18,F18) -> 46566
A19: NGQ27 | B19: 41969 | C19: 46596 | D19: 46596 | E19: --- | F19: =MIN(C19:E19) -> 46596 | G19: =MID(A19,1,LEN(A19)-3) -> NG | H19: =IFERROR(INDEX(O:O, MATCH(G19,N:N,0)),"---") -> NYMEX | I19: {=IFERROR(INDEX(Spreads!A:A,MATCH(1, (Spreads!E:E=G19)*(Spreads!C:C>=F19), 0)),"---")} -> --- | J19: =IFERROR(INDEX(Spreads!C:C, MATCH('CME Data'!I19,Spreads!A:A,0)),"---") -> --- | K19: =MIN(J19,F19) -> 46596
A20: NGU27 | B20: 41969 | C20: 46626 | D20: 46626 | E20: --- | F20: =MIN(C20:E20) -> 46626 | G20: =MID(A20,1,LEN(A20)-3) -> NG | H20: =IFERROR(INDEX(O:O, MATCH(G20,N:N,0)),"---") -> NYMEX | I20: {=IFERROR(INDEX(Spreads!A:A,MATCH(1, (Spreads!E:E=G20)*(Spreads!C:C>=F20), 0)),"---")} -> --- | J20: =IFERROR(INDEX(Spreads!C:C, MATCH('CME Data'!I20,Spreads!A:A,0)),"---") -> --- | K20: =MIN(J20,F20) -> 46626
A21: NGV27 | B21: 41969 | C21: 46658 | D21: 46658 | E21: --- | F21: =MIN(C21:E21) -> 46658 | G21: =MID(A21,1,LEN(A21)-3) -> NG | H21: =IFERROR(INDEX(O:O, MATCH(G21,N:N,0)),"---") -> NYMEX | I21: {=IFERROR(INDEX(Spreads!A:A,MATCH(1, (Spreads!E:E=G21)*(Spreads!C:C>=F21), 0)),"---")} -> --- | J21: =IFERROR(INDEX(Spreads!C:C, MATCH('CME Data'!I21,Spreads!A:A,0)),"---") -> --- | K21: =MIN(J21,F21) -> 46658
A22: NGX27 | B22: 41969 | C22: 46687 | D22: 46687 | E22: --- | F22: =MIN(C22:E22) -> 46687 | G22: =MID(A22,1,LEN(A22)-3) -> NG | H22: =IFERROR(INDEX(O:O, MATCH(G22,N:N,0)),"---") -> NYMEX | I22: {=IFERROR(INDEX(Spreads!A:A,MATCH(1, (Spreads!E:E=G22)*(Spreads!C:C>=F22), 0)),"---")} -> --- | J22: =IFERROR(INDEX(Spreads!C:C, MATCH('CME Data'!I22,Spreads!A:A,0)),"---") -> --- | K22: =MIN(J22,F22) -> 46687
A23: NGZ27 | B23: 41969 | C23: 46717 | D23: 46717 | E23: --- | F23: =MIN(C23:E23) -> 46717 | G23: =MID(A23,1,LEN(A23)-3) -> NG | H23: =IFERROR(INDEX(O:O, MATCH(G23,N:N,0)),"---") -> NYMEX | I23: {=IFERROR(INDEX(Spreads!A:A,MATCH(1, (Spreads!E:E=G23)*(Spreads!C:C>=F23), 0)),"---")} -> --- | J23: =IFERROR(INDEX(Spreads!C:C, MATCH('CME Data'!I23,Spreads!A:A,0)),"---") -> --- | K23: =MIN(J23,F23) -> 46717
A24: NGF28 | B24: 42335 | C24: 46750 | D24: 46750 | E24: --- | F24: =MIN(C24:E24) -> 46750 | G24: =MID(A24,1,LEN(A24)-3) -> NG | H24: =IFERROR(INDEX(O:O, MATCH(G24,N:N,0)),"---") -> NYMEX | I24: {=IFERROR(INDEX(Spreads!A:A,MATCH(1, (Spreads!E:E=G24)*(Spreads!C:C>=F24), 0)),"---")} -> --- | J24: =IFERROR(INDEX(Spreads!C:C, MATCH('CME Data'!I24,Spreads!A:A,0)),"---") -> --- | K24: =MIN(J24,F24) -> 46750
A25: NGG28 | B25: 42335 | C25: 46779 | D25: 46779 | E25: --- | F25: =MIN(C25:E25) -> 46779 | G25: =MID(A25,1,LEN(A25)-3) -> NG | H25: =IFERROR(INDEX(O:O, MATCH(G25,N:N,0)),"---") -> NYMEX | I25: {=IFERROR(INDEX(Spreads!A:A,MATCH(1, (Spreads!E:E=G25)*(Spreads!C:C>=F25), 0)),"---")} -> --- | J25: =IFERROR(INDEX(Spreads!C:C, MATCH('CME Data'!I25,Spreads!A:A,0)),"---") -> --- | K25: =MIN(J25,F25) -> 46779
A26: NGH28 | B26: 42335 | C26: 46808 | D26: 46808 | E26: --- | F26: =MIN(C26:E26) -> 46808 | G26: =MID(A26,1,LEN(A26)-3) -> NG | H26: =IFERROR(INDEX(O:O, MATCH(G26,N:N,0)),"---") -> NYMEX | I26: {=IFERROR(INDEX(Spreads!A:A,MATCH(1, (Spreads!E:E=G26)*(Spreads!C:C>=F26), 0)),"---")} -> --- | J26: =IFERROR(INDEX(Spreads!C:C, MATCH('CME Data'!I26,Spreads!A:A,0)),"---") -> --- | K26: =MIN(J26,F26) -> 46808
A27: NGJ28 | B27: 42335 | C27: 46841 | D27: 46841 | E27: --- | F27: =MIN(C27:E27) -> 46841 | G27: =MID(A27,1,LEN(A27)-3) -> NG | H27: =IFERROR(INDEX(O:O, MATCH(G27,N:N,0)),"---") -> NYMEX | I27: {=IFERROR(INDEX(Spreads!A:A,MATCH(1, (Spreads!E:E=G27)*(Spreads!C:C>=F27), 0)),"---")} -> --- | J27: =IFERROR(INDEX(Spreads!C:C, MATCH('CME Data'!I27,Spreads!A:A,0)),"---") -> --- | K27: =MIN(J27,F27) -> 46841
... A251: BZH34 | B251: 45964 | C251: 48975 | D251: 48976 | E251: --- | F251: =MIN(C251:E251) -> 48975 | G251: =MID(A251,1,LEN(A251)-3) -> BZ | H251: =IFERROR(INDEX(O:O, MATCH(G251,N:N,0)),"---") -> NYMEX | I251: {=IFERROR(INDEX(Spreads!A:A,MATCH(1, (Spreads!E:E=G251)*(Spreads!C:C>=F251), 0)),"---")} -> --- | J251: =IFERROR(INDEX(Spreads!C:C, MATCH('CME Data'!I251,Spreads!A:A,0)),"---") -> --- | K251: =MIN(J251,F251) -> 48975
A252: GCH26 | B252: 45698 | C252: 46108 | D252: 46108 | E252: 46080 | F252: =MIN(C252:E252) -> 46080 | G252: =MID(A252,1,LEN(A252)-3) -> GC | H252: =IFERROR(INDEX(O:O, MATCH(G252,N:N,0)),"---") -> COMEX | I252: {=IFERROR(INDEX(Spreads!A:A,MATCH(1, (Spreads!E:E=G252)*(Spreads!C:C>=F252), 0)),"---")} -> GOLD-3.26 | J252: =IFERROR(INDEX(Spreads!C:C, MATCH('CME Data'!I252,Spreads!A:A,0)),"---") -> 46101 | K252: =MIN(J252,F252) -> 46080
A253: GCJ26 | B253: 45443 | C253: 46140 | D253: 46140 | E253: 46112 | F253: =MIN(C253:E253) -> 46112 | G253: =MID(A253,1,LEN(A253)-3) -> GC | H253: =IFERROR(INDEX(O:O, MATCH(G253,N:N,0)),"---") -> COMEX | I253: {=IFERROR(INDEX(Spreads!A:A,MATCH(1, (Spreads!E:E=G253)*(Spreads!C:C>=F253), 0)),"---")} -> GOLD-6.26 | J253: =IFERROR(INDEX(Spreads!C:C, MATCH('CME Data'!I253,Spreads!A:A,0)),"---") -> 46192 | K253: =MIN(J253,F253) -> 46112
A254: GCK26 | B254: 45698 | C254: 46169 | D254: 46169 | E254: 46142 | F254: =MIN(C254:E254) -> 46142 | G254: =MID(A254,1,LEN(A254)-3) -> GC | H254: =IFERROR(INDEX(O:O, MATCH(G254,N:N,0)),"---") -> COMEX | I254: {=IFERROR(INDEX(Spreads!A:A,MATCH(1, (Spreads!E:E=G254)*(Spreads!C:C>=F254), 0)),"---")} -> GOLD-6.26 | J254: =IFERROR(INDEX(Spreads!C:C, MATCH('CME Data'!I254,Spreads!A:A,0)),"---") -> 46192 | K254: =MIN(J254,F254) -> 46142
A255: GCM26 | B255: 44012 | C255: 46199 | D255: 46199 | E255: 46171 | F255: =MIN(C255:E255) -> 46171 | G255: =MID(A255,1,LEN(A255)-3) -> GC | H255: =IFERROR(INDEX(O:O, MATCH(G255,N:N,0)),"---") -> COMEX | I255: {=IFERROR(INDEX(Spreads!A:A,MATCH(1, (Spreads!E:E=G255)*(Spreads!C:C>=F255), 0)),"---")} -> GOLD-6.26 | J255: =IFERROR(INDEX(Spreads!C:C, MATCH('CME Data'!I255,Spreads!A:A,0)),"---") -> 46192 | K255: =MIN(J255,F255) -> 46171
A256: GCN26 | B256: 45698 | C256: 46232 | D256: 46232 | E256: 46203 | F256: =MIN(C256:E256) -> 46203 | G256: =MID(A256,1,LEN(A256)-3) -> GC | H256: =IFERROR(INDEX(O:O, MATCH(G256,N:N,0)),"---") -> COMEX | I256: {=IFERROR(INDEX(Spreads!A:A,MATCH(1, (Spreads!E:E=G256)*(Spreads!C:C>=F256), 0)),"---")} -> GOLD-9.26 | J256: =IFERROR(INDEX(Spreads!C:C, MATCH('CME Data'!I256,Spreads!A:A,0)),"---") -> 46283 | K256: =MIN(J256,F256) -> 46203
A257: GCQ26 | B257: 45565 | C257: 46261 | D257: 46261 | E257: 46234 | F257: =MIN(C257:E257) -> 46234 | G257: =MID(A257,1,LEN(A257)-3) -> GC | H257: =IFERROR(INDEX(O:O, MATCH(G257,N:N,0)),"---") -> COMEX | I257: {=IFERROR(INDEX(Spreads!A:A,MATCH(1, (Spreads!E:E=G257)*(Spreads!C:C>=F257), 0)),"---")} -> GOLD-9.26 | J257: =IFERROR(INDEX(Spreads!C:C, MATCH('CME Data'!I257,Spreads!A:A,0)),"---") -> 46283 | K257: =MIN(J257,F257) -> 46234
A258: GCU26 | B258: 45698 | C258: 46293 | D258: 46293 | E258: 46265 | F258: =MIN(C258:E258) -> 46265 | G258: =MID(A258,1,LEN(A258)-3) -> GC | H258: =IFERROR(INDEX(O:O, MATCH(G258,N:N,0)),"---") -> COMEX | I258: {=IFERROR(INDEX(Spreads!A:A,MATCH(1, (Spreads!E:E=G258)*(Spreads!C:C>=F258), 0)),"---")} -> GOLD-9.26 | J258: =IFERROR(INDEX(Spreads!C:C, MATCH('CME Data'!I258,Spreads!A:A,0)),"---") -> 46283 | K258: =MIN(J258,F258) -> 46265
A259: GCV26 | B259: 45625 | C259: 46323 | D259: 46323 | E259: 46295 | F259: =MIN(C259:E259) -> 46295 | G259: =MID(A259,1,LEN(A259)-3) -> GC | H259: =IFERROR(INDEX(O:O, MATCH(G259,N:N,0)),"---") -> COMEX | I259: {=IFERROR(INDEX(Spreads!A:A,MATCH(1, (Spreads!E:E=G259)*(Spreads!C:C>=F259), 0)),"---")} -> GOLD-12.26 | J259: =IFERROR(INDEX(Spreads!C:C, MATCH('CME Data'!I259,Spreads!A:A,0)),"---") -> 46374 | K259: =MIN(J259,F259) -> 46295
A260: GCX26 | B260: 45698 | C260: 46351 | D260: 46351 | E260: 46325 | F260: =MIN(C260:E260) -> 46325 | G260: =MID(A260,1,LEN(A260)-3) -> GC | H260: =IFERROR(INDEX(O:O, MATCH(G260,N:N,0)),"---") -> COMEX | I260: {=IFERROR(INDEX(Spreads!A:A,MATCH(1, (Spreads!E:E=G260)*(Spreads!C:C>=F260), 0)),"---")} -> GOLD-12.26 | J260: =IFERROR(INDEX(Spreads!C:C, MATCH('CME Data'!I260,Spreads!A:A,0)),"---") -> 46374 | K260: =MIN(J260,F260) -> 46325
A261: GCZ26 | B261: 44196 | C261: 46385 | D261: 46385 | E261: 46356 | F261: =MIN(C261:E261) -> 46356 | G261: =MID(A261,1,LEN(A261)-3) -> GC | H261: =IFERROR(INDEX(O:O, MATCH(G261,N:N,0)),"---") -> COMEX | I261: {=IFERROR(INDEX(Spreads!A:A,MATCH(1, (Spreads!E:E=G261)*(Spreads!C:C>=F261), 0)),"---")} -> GOLD-12.26 | J261: =IFERROR(INDEX(Spreads!C:C, MATCH('CME Data'!I261,Spreads!A:A,0)),"---") -> 46374 | K261: =MIN(J261,F261) -> 46356
A262: GCF27 | B262: 45698 | C262: 46414 | D262: 46414 | E262: 46387 | F262: =MIN(C262:E262) -> 46387 | G262: =MID(A262,1,LEN(A262)-3) -> GC | H262: =IFERROR(INDEX(O:O, MATCH(G262,N:N,0)),"---") -> COMEX | I262: {=IFERROR(INDEX(Spreads!A:A,MATCH(1, (Spreads!E:E=G262)*(Spreads!C:C>=F262), 0)),"---")} -> --- | J262: =IFERROR(INDEX(Spreads!C:C, MATCH('CME Data'!I262,Spreads!A:A,0)),"---") -> --- | K262: =MIN(J262,F262) -> 46387
A263: GCG27 | B263: 45716 | C263: 46442 | D263: 46442 | E263: 46416 | F263: =MIN(C263:E263) -> 46416 | G263: =MID(A263,1,LEN(A263)-3) -> GC | H263: =IFERROR(INDEX(O:O, MATCH(G263,N:N,0)),"---") -> COMEX | I263: {=IFERROR(INDEX(Spreads!A:A,MATCH(1, (Spreads!E:E=G263)*(Spreads!C:C>=F263), 0)),"---")} -> --- | J263: =IFERROR(INDEX(Spreads!C:C, MATCH('CME Data'!I263,Spreads!A:A,0)),"---") -> --- | K263: =MIN(J263,F263) -> 46416
... A340: SILH27 | B340: 46112 | C340: 46475 | D340: 46475 | E340: 46444 | F340: =MIN(C340:E340) -> 46444 | G340: =MID(A340,1,LEN(A340)-3) -> SIL | H340: =IFERROR(INDEX(O:O, MATCH(G340,N:N,0)),"---") -> COMEX_MINI | I340: {=IFERROR(INDEX(Spreads!A:A,MATCH(1, (Spreads!E:E=G340)*(Spreads!C:C>=F340), 0)),"---")} -> --- | J340: =IFERROR(INDEX(Spreads!C:C, MATCH('CME Data'!I340,Spreads!A:A,0)),"---") -> --- | K340: =MIN(J340,F340) -> 46444
A341: MBTH26 | B341: 45565 | C341: 46108 | D341: 46108 | E341: --- | F341: =MIN(C341:E341) -> 46108 | G341: =MID(A341,1,LEN(A341)-3) -> MBT | H341: =IFERROR(INDEX(O:O, MATCH(G341,N:N,0)),"---") -> CME | I341: {=IFERROR(INDEX(Spreads!A:A,MATCH(1, (Spreads!E:E=G341)*(Spreads!C:C>=F341), 0)),"---")} -> BTC-3.26 | J341: =IFERROR(INDEX(Spreads!C:C, MATCH('CME Data'!I341,Spreads!A:A,0)),"---") -> 46108 | K341: =MIN(J341,F341) -> 46108
A342: MBTJ26 | B342: 45964 | C342: 46136 | D342: 46136 | E342: --- | F342: =MIN(C342:E342) -> 46136 | G342: =MID(A342,1,LEN(A342)-3) -> MBT | H342: =IFERROR(INDEX(O:O, MATCH(G342,N:N,0)),"---") -> CME | I342: {=IFERROR(INDEX(Spreads!A:A,MATCH(1, (Spreads!E:E=G342)*(Spreads!C:C>=F342), 0)),"---")} -> BTC-4.26 | J342: =IFERROR(INDEX(Spreads!C:C, MATCH('CME Data'!I342,Spreads!A:A,0)),"---") -> 46136 | K342: =MIN(J342,F342) -> 46136
A343: MBTK26 | B343: 45992 | C343: 46171 | D343: 46171 | E343: --- | F343: =MIN(C343:E343) -> 46171 | G343: =MID(A343,1,LEN(A343)-3) -> MBT | H343: =IFERROR(INDEX(O:O, MATCH(G343,N:N,0)),"---") -> CME | I343: {=IFERROR(INDEX(Spreads!A:A,MATCH(1, (Spreads!E:E=G343)*(Spreads!C:C>=F343), 0)),"---")} -> BTC-5.26 | J343: =IFERROR(INDEX(Spreads!C:C, MATCH('CME Data'!I343,Spreads!A:A,0)),"---") -> 46171 | K343: =MIN(J343,F343) -> 46171
A344: MBTM26 | B344: 45656 | C344: 46199 | D344: 46199 | E344: --- | F344: =MIN(C344:E344) -> 46199 | G344: =MID(A344,1,LEN(A344)-3) -> MBT | H344: =IFERROR(INDEX(O:O, MATCH(G344,N:N,0)),"---") -> CME | I344: {=IFERROR(INDEX(Spreads!A:A,MATCH(1, (Spreads!E:E=G344)*(Spreads!C:C>=F344), 0)),"---")} -> --- | J344: =IFERROR(INDEX(Spreads!C:C, MATCH('CME Data'!I344,Spreads!A:A,0)),"---") -> --- | K344: =MIN(J344,F344) -> 46199
A345: MBTN26 | B345: 46055 | C345: 46234 | D345: 46234 | E345: --- | F345: =MIN(C345:E345) -> 46234 | G345: =MID(A345,1,LEN(A345)-3) -> MBT | H345: =IFERROR(INDEX(O:O, MATCH(G345,N:N,0)),"---") -> CME | I345: {=IFERROR(INDEX(Spreads!A:A,MATCH(1, (Spreads!E:E=G345)*(Spreads!C:C>=F345), 0)),"---")} -> --- | J345: =IFERROR(INDEX(Spreads!C:C, MATCH('CME Data'!I345,Spreads!A:A,0)),"---") -> --- | K345: =MIN(J345,F345) -> 46234
A346: MBTQ26 | B346: 46083 | C346: 46262 | D346: 46262 | E346: --- | F346: =MIN(C346:E346) -> 46262 | G346: =MID(A346,1,LEN(A346)-3) -> MBT | H346: =IFERROR(INDEX(O:O, MATCH(G346,N:N,0)),"---") -> CME | I346: {=IFERROR(INDEX(Spreads!A:A,MATCH(1, (Spreads!E:E=G346)*(Spreads!C:C>=F346), 0)),"---")} -> --- | J346: =IFERROR(INDEX(Spreads!C:C, MATCH('CME Data'!I346,Spreads!A:A,0)),"---") -> --- | K346: =MIN(J346,F346) -> 46262
A347: MBTU26 | B347: 45747 | C347: 46290 | D347: 46290 | E347: --- | F347: =MIN(C347:E347) -> 46290 | G347: =MID(A347,1,LEN(A347)-3) -> MBT | H347: =IFERROR(INDEX(O:O, MATCH(G347,N:N,0)),"---") -> CME | I347: {=IFERROR(INDEX(Spreads!A:A,MATCH(1, (Spreads!E:E=G347)*(Spreads!C:C>=F347), 0)),"---")} -> --- | J347: =IFERROR(INDEX(Spreads!C:C, MATCH('CME Data'!I347,Spreads!A:A,0)),"---") -> --- | K347: =MIN(J347,F347) -> 46290
A348: MBTZ26 | B348: 45656 | C348: 46380 | D348: 46380 | E348: --- | F348: =MIN(C348:E348) -> 46380 | G348: =MID(A348,1,LEN(A348)-3) -> MBT | H348: =IFERROR(INDEX(O:O, MATCH(G348,N:N,0)),"---") -> CME | I348: {=IFERROR(INDEX(Spreads!A:A,MATCH(1, (Spreads!E:E=G348)*(Spreads!C:C>=F348), 0)),"---")} -> --- | J348: =IFERROR(INDEX(Spreads!C:C, MATCH('CME Data'!I348,Spreads!A:A,0)),"---") -> --- | K348: =MIN(J348,F348) -> 46380
A349: MBTH27 | B349: 45929 | C349: 46471 | D349: 46471 | E349: --- | F349: =MIN(C349:E349) -> 46471 | G349: =MID(A349,1,LEN(A349)-3) -> MBT | H349: =IFERROR(INDEX(O:O, MATCH(G349,N:N,0)),"---") -> CME | I349: {=IFERROR(INDEX(Spreads!A:A,MATCH(1, (Spreads!E:E=G349)*(Spreads!C:C>=F349), 0)),"---")} -> --- | J349: =IFERROR(INDEX(Spreads!C:C, MATCH('CME Data'!I349,Spreads!A:A,0)),"---") -> --- | K349: =MIN(J349,F349) -> 46471
A350: MBTM27 | B350: 46020 | C350: 46563 | D350: 46563 | E350: --- | F350: =MIN(C350:E350) -> 46563 | G350: =MID(A350,1,LEN(A350)-3) -> MBT | H350: =IFERROR(INDEX(O:O, MATCH(G350,N:N,0)),"---") -> CME | I350: {=IFERROR(INDEX(Spreads!A:A,MATCH(1, (Spreads!E:E=G350)*(Spreads!C:C>=F350), 0)),"---")} -> --- | J350: =IFERROR(INDEX(Spreads!C:C, MATCH('CME Data'!I350,Spreads!A:A,0)),"---") -> --- | K350: =MIN(J350,F350) -> 46563
A351: MBTU27 | B351: 46111 | C351: 46654 | D351: 46654 | E351: --- | F351: =MIN(C351:E351) -> 46654 | G351: =MID(A351,1,LEN(A351)-3) -> MBT | H351: =IFERROR(INDEX(O:O, MATCH(G351,N:N,0)),"---") -> CME | I351: {=IFERROR(INDEX(Spreads!A:A,MATCH(1, (Spreads!E:E=G351)*(Spreads!C:C>=F351), 0)),"---")} -> --- | J351: =IFERROR(INDEX(Spreads!C:C, MATCH('CME Data'!I351,Spreads!A:A,0)),"---") -> --- | K351: =MIN(J351,F351) -> 46654
A352: MBTZ27 | B352: 46020 | C352: 46752 | D352: 46752 | E352: --- | F352: =MIN(C352:E352) -> 46752 | G352: =MID(A352,1,LEN(A352)-3) -> MBT | H352: =IFERROR(INDEX(O:O, MATCH(G352,N:N,0)),"---") -> CME | I352: {=IFERROR(INDEX(Spreads!A:A,MATCH(1, (Spreads!E:E=G352)*(Spreads!C:C>=F352), 0)),"---")} -> --- | J352: =IFERROR(INDEX(Spreads!C:C, MATCH('CME Data'!I352,Spreads!A:A,0)),"---") -> --- | K352: =MIN(J352,F352) -> 46752
... A377: ECH31 | B377: 46098 | C377: 47924 | D377: 47924 | E377: --- | F377: =MIN(C377:E377) -> 47924 | G377: =MID(A377,1,LEN(A377)-3) -> EC | H377: =IFERROR(INDEX(O:O, MATCH(G377,N:N,0)),"---") -> CME | I377: {=IFERROR(INDEX(Spreads!A:A,MATCH(1, (Spreads!E:E=G377)*(Spreads!C:C>=F377), 0)),"---")} -> --- | J377: =IFERROR(INDEX(Spreads!C:C, MATCH('CME Data'!I377,Spreads!A:A,0)),"---") -> --- | K377: =MIN(J377,F377) -> 47924
A378: PLH26 | B378: 46021 | C378: 46108 | D378: 46108 | E378: 46080 | F378: =MIN(C378:E378) -> 46080 | G378: =MID(A378,1,LEN(A378)-3) -> PL | H378: =IFERROR(INDEX(O:O, MATCH(G378,N:N,0)),"---") -> NYMEX | I378: {=IFERROR(INDEX(Spreads!A:A,MATCH(1, (Spreads!E:E=G378)*(Spreads!C:C>=F378), 0)),"---")} -> PLT-3.26 | J378: =IFERROR(INDEX(Spreads!C:C, MATCH('CME Data'!I378,Spreads!A:A,0)),"---") -> 46101 | K378: =MIN(J378,F378) -> 46080
A379: PLJ26 | B379: 45124 | C379: 46140 | D379: 46140 | E379: 46112 | F379: =MIN(C379:E379) -> 46112 | G379: =MID(A379,1,LEN(A379)-3) -> PL | H379: =IFERROR(INDEX(O:O, MATCH(G379,N:N,0)),"---") -> NYMEX | I379: {=IFERROR(INDEX(Spreads!A:A,MATCH(1, (Spreads!E:E=G379)*(Spreads!C:C>=F379), 0)),"---")} -> PLT-6.26 | J379: =IFERROR(INDEX(Spreads!C:C, MATCH('CME Data'!I379,Spreads!A:A,0)),"---") -> 46192 | K379: =MIN(J379,F379) -> 46112
A380: PLK26 | B380: 46079 | C380: 46169 | D380: 46169 | E380: 46142 | F380: =MIN(C380:E380) -> 46142 | G380: =MID(A380,1,LEN(A380)-3) -> PL | H380: =IFERROR(INDEX(O:O, MATCH(G380,N:N,0)),"---") -> NYMEX | I380: {=IFERROR(INDEX(Spreads!A:A,MATCH(1, (Spreads!E:E=G380)*(Spreads!C:C>=F380), 0)),"---")} -> PLT-6.26 | J380: =IFERROR(INDEX(Spreads!C:C, MATCH('CME Data'!I380,Spreads!A:A,0)),"---") -> 46192 | K380: =MIN(J380,F380) -> 46142
A381: PLM26 | B381: 46111 | C381: 46199 | D381: 46199 | E381: 46171 | F381: =MIN(C381:E381) -> 46171 | G381: =MID(A381,1,LEN(A381)-3) -> PL | H381: =IFERROR(INDEX(O:O, MATCH(G381,N:N,0)),"---") -> NYMEX | I381: {=IFERROR(INDEX(Spreads!A:A,MATCH(1, (Spreads!E:E=G381)*(Spreads!C:C>=F381), 0)),"---")} -> PLT-6.26 | J381: =IFERROR(INDEX(Spreads!C:C, MATCH('CME Data'!I381,Spreads!A:A,0)),"---") -> 46192 | K381: =MIN(J381,F381) -> 46171
A382: PLN26 | B382: 45135 | C382: 46232 | D382: 46232 | E382: 46203 | F382: =MIN(C382:E382) -> 46203 | G382: =MID(A382,1,LEN(A382)-3) -> PL | H382: =IFERROR(INDEX(O:O, MATCH(G382,N:N,0)),"---") -> NYMEX | I382: {=IFERROR(INDEX(Spreads!A:A,MATCH(1, (Spreads!E:E=G382)*(Spreads!C:C>=F382), 0)),"---")} -> PLT-9.26 | J382: =IFERROR(INDEX(Spreads!C:C, MATCH('CME Data'!I382,Spreads!A:A,0)),"---") -> 46283 | K382: =MIN(J382,F382) -> 46203
A383: PLV26 | B383: 45229 | C383: 46323 | D383: 46323 | E383: 46295 | F383: =MIN(C383:E383) -> 46295 | G383: =MID(A383,1,LEN(A383)-3) -> PL | H383: =IFERROR(INDEX(O:O, MATCH(G383,N:N,0)),"---") -> NYMEX | I383: {=IFERROR(INDEX(Spreads!A:A,MATCH(1, (Spreads!E:E=G383)*(Spreads!C:C>=F383), 0)),"---")} -> PLT-12.26 | J383: =IFERROR(INDEX(Spreads!C:C, MATCH('CME Data'!I383,Spreads!A:A,0)),"---") -> 46374 | K383: =MIN(J383,F383) -> 46295
A384: PLF27 | B384: 45321 | C384: 46414 | D384: 46414 | E384: 46387 | F384: =MIN(C384:E384) -> 46387 | G384: =MID(A384,1,LEN(A384)-3) -> PL | H384: =IFERROR(INDEX(O:O, MATCH(G384,N:N,0)),"---") -> NYMEX | I384: {=IFERROR(INDEX(Spreads!A:A,MATCH(1, (Spreads!E:E=G384)*(Spreads!C:C>=F384), 0)),"---")} -> --- | J384: =IFERROR(INDEX(Spreads!C:C, MATCH('CME Data'!I384,Spreads!A:A,0)),"---") -> --- | K384: =MIN(J384,F384) -> 46387
A385: PLJ27 | B385: 45411 | C385: 46505 | D385: 46505 | E385: 46477 | F385: =MIN(C385:E385) -> 46477 | G385: =MID(A385,1,LEN(A385)-3) -> PL | H385: =IFERROR(INDEX(O:O, MATCH(G385,N:N,0)),"---") -> NYMEX | I385: {=IFERROR(INDEX(Spreads!A:A,MATCH(1, (Spreads!E:E=G385)*(Spreads!C:C>=F385), 0)),"---")} -> --- | J385: =IFERROR(INDEX(Spreads!C:C, MATCH('CME Data'!I385,Spreads!A:A,0)),"---") -> --- | K385: =MIN(J385,F385) -> 46477
A386: PLN27 | B386: 45503 | C386: 46596 | D386: 46596 | E386: 46568 | F386: =MIN(C386:E386) -> 46568 | G386: =MID(A386,1,LEN(A386)-3) -> PL | H386: =IFERROR(INDEX(O:O, MATCH(G386,N:N,0)),"---") -> NYMEX | I386: {=IFERROR(INDEX(Spreads!A:A,MATCH(1, (Spreads!E:E=G386)*(Spreads!C:C>=F386), 0)),"---")} -> --- | J386: =IFERROR(INDEX(Spreads!C:C, MATCH('CME Data'!I386,Spreads!A:A,0)),"---") -> --- | K386: =MIN(J386,F386) -> 46568
A387: PLV27 | B387: 45595 | C387: 46687 | D387: 46687 | E387: 46660 | F387: =MIN(C387:E387) -> 46660 | G387: =MID(A387,1,LEN(A387)-3) -> PL | H387: =IFERROR(INDEX(O:O, MATCH(G387,N:N,0)),"---") -> NYMEX | I387: {=IFERROR(INDEX(Spreads!A:A,MATCH(1, (Spreads!E:E=G387)*(Spreads!C:C>=F387), 0)),"---")} -> --- | J387: =IFERROR(INDEX(Spreads!C:C, MATCH('CME Data'!I387,Spreads!A:A,0)),"---") -> --- | K387: =MIN(J387,F387) -> 46660
A388: PLF28 | B388: 45687 | C388: 46779 | D388: 46779 | E388: 46752 | F388: =MIN(C388:E388) -> 46752 | G388: =MID(A388,1,LEN(A388)-3) -> PL | H388: =IFERROR(INDEX(O:O, MATCH(G388,N:N,0)),"---") -> NYMEX | I388: {=IFERROR(INDEX(Spreads!A:A,MATCH(1, (Spreads!E:E=G388)*(Spreads!C:C>=F388), 0)),"---")} -> --- | J388: =IFERROR(INDEX(Spreads!C:C, MATCH('CME Data'!I388,Spreads!A:A,0)),"---") -> --- | K388: =MIN(J388,F388) -> 46752
A389: PLJ28 | B389: 45776 | C389: 46869 | D389: 46869 | E389: 46843 | F389: =MIN(C389:E389) -> 46843 | G389: =MID(A389,1,LEN(A389)-3) -> PL | H389: =IFERROR(INDEX(O:O, MATCH(G389,N:N,0)),"---") -> NYMEX | I389: {=IFERROR(INDEX(Spreads!A:A,MATCH(1, (Spreads!E:E=G389)*(Spreads!C:C>=F389), 0)),"---")} -> --- | J389: =IFERROR(INDEX(Spreads!C:C, MATCH('CME Data'!I389,Spreads!A:A,0)),"---") -> --- | K389: =MIN(J389,F389) -> 46843
... A407: PAH29 | B407: 46111 | C407: 47204 | D407: 47204 | E407: 47177 | F407: =MIN(C407:E407) -> 47177 | G407: =MID(A407,1,LEN(A407)-3) -> PA | H407: =IFERROR(INDEX(O:O, MATCH(G407,N:N,0)),"---") -> NYMEX | I407: {=IFERROR(INDEX(Spreads!A:A,MATCH(1, (Spreads!E:E=G407)*(Spreads!C:C>=F407), 0)),"---")} -> --- | J407: =IFERROR(INDEX(Spreads!C:C, MATCH('CME Data'!I407,Spreads!A:A,0)),"---") -> --- | K407: =MIN(J407,F407) -> 47177
A408: MESH26 | B408: 45646 | C408: 46101 | D408: 46101 | E408: --- | F408: =MIN(C408:E408) -> 46101 | G408: =MID(A408,1,LEN(A408)-3) -> MES | H408: =IFERROR(INDEX(O:O, MATCH(G408,N:N,0)),"---") -> CME_MINI | I408: {=IFERROR(INDEX(Spreads!A:A,MATCH(1, (Spreads!E:E=G408)*(Spreads!C:C>=F408), 0)),"---")} -> SPYF-3.26 | J408: =IFERROR(INDEX(Spreads!C:C, MATCH('CME Data'!I408,Spreads!A:A,0)),"---") -> 46101 | K408: =MIN(J408,F408) -> 46101
A409: MESM26 | B409: 45737 | C409: 46191 | D409: 46191 | E409: --- | F409: =MIN(C409:E409) -> 46191 | G409: =MID(A409,1,LEN(A409)-3) -> MES | H409: =IFERROR(INDEX(O:O, MATCH(G409,N:N,0)),"---") -> CME_MINI | I409: {=IFERROR(INDEX(Spreads!A:A,MATCH(1, (Spreads!E:E=G409)*(Spreads!C:C>=F409), 0)),"---")} -> SPYF-6.26 | J409: =IFERROR(INDEX(Spreads!C:C, MATCH('CME Data'!I409,Spreads!A:A,0)),"---") -> 46192 | K409: =MIN(J409,F409) -> 46191
A410: MESU26 | B410: 45828 | C410: 46283 | D410: 46283 | E410: --- | F410: =MIN(C410:E410) -> 46283 | G410: =MID(A410,1,LEN(A410)-3) -> MES | H410: =IFERROR(INDEX(O:O, MATCH(G410,N:N,0)),"---") -> CME_MINI | I410: {=IFERROR(INDEX(Spreads!A:A,MATCH(1, (Spreads!E:E=G410)*(Spreads!C:C>=F410), 0)),"---")} -> SPYF-9.26 | J410: =IFERROR(INDEX(Spreads!C:C, MATCH('CME Data'!I410,Spreads!A:A,0)),"---") -> 46283 | K410: =MIN(J410,F410) -> 46283
A411: MESZ26 | B411: 45919 | C411: 46374 | D411: 46374 | E411: --- | F411: =MIN(C411:E411) -> 46374 | G411: =MID(A411,1,LEN(A411)-3) -> MES | H411: =IFERROR(INDEX(O:O, MATCH(G411,N:N,0)),"---") -> CME_MINI | I411: {=IFERROR(INDEX(Spreads!A:A,MATCH(1, (Spreads!E:E=G411)*(Spreads!C:C>=F411), 0)),"---")} -> SPYF-12.26 | J411: =IFERROR(INDEX(Spreads!C:C, MATCH('CME Data'!I411,Spreads!A:A,0)),"---") -> 46374 | K411: =MIN(J411,F411) -> 46374
A412: MESH27 | B412: 46010 | C412: 46465 | D412: 46465 | E412: --- | F412: =MIN(C412:E412) -> 46465 | G412: =MID(A412,1,LEN(A412)-3) -> MES | H412: =IFERROR(INDEX(O:O, MATCH(G412,N:N,0)),"---") -> CME_MINI | I412: {=IFERROR(INDEX(Spreads!A:A,MATCH(1, (Spreads!E:E=G412)*(Spreads!C:C>=F412), 0)),"---")} -> --- | J412: =IFERROR(INDEX(Spreads!C:C, MATCH('CME Data'!I412,Spreads!A:A,0)),"---") -> --- | K412: =MIN(J412,F412) -> 46465
A413: MESM27 | B413: 46101 | C413: 46555 | D413: 46555 | E413: --- | F413: =MIN(C413:E413) -> 46555 | G413: =MID(A413,1,LEN(A413)-3) -> MES | H413: =IFERROR(INDEX(O:O, MATCH(G413,N:N,0)),"---") -> CME_MINI | I413: {=IFERROR(INDEX(Spreads!A:A,MATCH(1, (Spreads!E:E=G413)*(Spreads!C:C>=F413), 0)),"---")} -> --- | J413: =IFERROR(INDEX(Spreads!C:C, MATCH('CME Data'!I413,Spreads!A:A,0)),"---") -> --- | K413: =MIN(J413,F413) -> 46555
A414: MNQH26 | B414: 45646 | C414: 46101 | D414: 46101 | E414: --- | F414: =MIN(C414:E414) -> 46101 | G414: =MID(A414,1,LEN(A414)-3) -> MNQ | H414: =IFERROR(INDEX(O:O, MATCH(G414,N:N,0)),"---") -> CME_MINI | I414: {=IFERROR(INDEX(Spreads!A:A,MATCH(1, (Spreads!E:E=G414)*(Spreads!C:C>=F414), 0)),"---")} -> NASD-3.26 | J414: =IFERROR(INDEX(Spreads!C:C, MATCH('CME Data'!I414,Spreads!A:A,0)),"---") -> 46101 | K414: =MIN(J414,F414) -> 46101
A415: MNQM26 | B415: 45737 | C415: 46191 | D415: 46191 | E415: --- | F415: =MIN(C415:E415) -> 46191 | G415: =MID(A415,1,LEN(A415)-3) -> MNQ | H415: =IFERROR(INDEX(O:O, MATCH(G415,N:N,0)),"---") -> CME_MINI | I415: {=IFERROR(INDEX(Spreads!A:A,MATCH(1, (Spreads!E:E=G415)*(Spreads!C:C>=F415), 0)),"---")} -> NASD-6.26 | J415: =IFERROR(INDEX(Spreads!C:C, MATCH('CME Data'!I415,Spreads!A:A,0)),"---") -> 46192 | K415: =MIN(J415,F415) -> 46191
A416: MNQU26 | B416: 45828 | C416: 46283 | D416: 46283 | E416: --- | F416: =MIN(C416:E416) -> 46283 | G416: =MID(A416,1,LEN(A416)-3) -> MNQ | H416: =IFERROR(INDEX(O:O, MATCH(G416,N:N,0)),"---") -> CME_MINI | I416: {=IFERROR(INDEX(Spreads!A:A,MATCH(1, (Spreads!E:E=G416)*(Spreads!C:C>=F416), 0)),"---")} -> NASD-9.26 | J416: =IFERROR(INDEX(Spreads!C:C, MATCH('CME Data'!I416,Spreads!A:A,0)),"---") -> 46283 | K416: =MIN(J416,F416) -> 46283
A417: MNQZ26 | B417: 45919 | C417: 46374 | D417: 46374 | E417: --- | F417: =MIN(C417:E417) -> 46374 | G417: =MID(A417,1,LEN(A417)-3) -> MNQ | H417: =IFERROR(INDEX(O:O, MATCH(G417,N:N,0)),"---") -> CME_MINI | I417: {=IFERROR(INDEX(Spreads!A:A,MATCH(1, (Spreads!E:E=G417)*(Spreads!C:C>=F417), 0)),"---")} -> NASD-12.26 | J417: =IFERROR(INDEX(Spreads!C:C, MATCH('CME Data'!I417,Spreads!A:A,0)),"---") -> 46374 | K417: =MIN(J417,F417) -> 46374
A418: MNQH27 | B418: 46010 | C418: 46465 | D418: 46465 | E418: --- | F418: =MIN(C418:E418) -> 46465 | G418: =MID(A418,1,LEN(A418)-3) -> MNQ | H418: =IFERROR(INDEX(O:O, MATCH(G418,N:N,0)),"---") -> CME_MINI | I418: {=IFERROR(INDEX(Spreads!A:A,MATCH(1, (Spreads!E:E=G418)*(Spreads!C:C>=F418), 0)),"---")} -> --- | J418: =IFERROR(INDEX(Spreads!C:C, MATCH('CME Data'!I418,Spreads!A:A,0)),"---") -> --- | K418: =MIN(J418,F418) -> 46465
A419: MNQM27 | B419: 46101 | C419: 46555 | D419: 46555 | E419: --- | F419: =MIN(C419:E419) -> 46555 | G419: =MID(A419,1,LEN(A419)-3) -> MNQ | H419: =IFERROR(INDEX(O:O, MATCH(G419,N:N,0)),"---") -> CME_MINI | I419: {=IFERROR(INDEX(Spreads!A:A,MATCH(1, (Spreads!E:E=G419)*(Spreads!C:C>=F419), 0)),"---")} -> --- | J419: =IFERROR(INDEX(Spreads!C:C, MATCH('CME Data'!I419,Spreads!A:A,0)),"---") -> --- | K419: =MIN(J419,F419) -> 46555
... A426: CNHU27 | B426: 45523 | C426: 46643 | D426: 46643 | E426: --- | F426: =MIN(C426:E426) -> 46643 | G426: =MID(A426,1,LEN(A426)-3) -> CNH | H426: =IFERROR(INDEX(O:O, MATCH(G426,N:N,0)),"---") -> CME | I426: {=IFERROR(INDEX(Spreads!A:A,MATCH(1, (Spreads!E:E=G426)*(Spreads!C:C>=F426), 0)),"---")} -> --- | J426: =IFERROR(INDEX(Spreads!C:C, MATCH('CME Data'!I426,Spreads!A:A,0)),"---") -> --- | K426: =MIN(J426,F426) -> 46643
